,prop,subevent,role,causation,syntax,checkpoint,dataset_class,dataset_root,dataset_version,model_class,model_entity_model,model_relation_model,optimizer_class,optimizer_lr,output_dir,task_adversarial_temperature,task_metric,task_name,task_num_negative,task_strict_negative,train_batch_per_epoch,train_batch_size,train_gpus,train_log_interval,train_num_epoch,valid_mr,valid_mrr,valid_hits@1,valid_hits@3,valid_hits@10,valid_entropy,test_mr,test_mrr,test_hits@1,test_hits@3,test_hits@10
0,1,0,0,1,simple_rdf_sp,ULTRA/ckpts/ultra_50g.pth,NarrativeInductiveDataset,~/git/ULTRA/kg-datasets/,kg_base_prop_1_subevent_0_role_0_causation_1_syntax_simple_rdf_sp,Ultra,"{'aggregate_func': 'sum', 'class': 'EntityNBFNet', 'hidden_dims': [64, 64, 64, 64, 64, 64], 'input_dim': 64, 'layer_norm': True, 'message_func': 'distmult', 'short_cut': True}","{'aggregate_func': 'sum', 'class': 'RelNBFNet', 'hidden_dims': [64, 64, 64, 64, 64, 64], 'input_dim': 64, 'layer_norm': True, 'message_func': 'distmult', 'short_cut': True}",AdamW,0.0005,~/git/ULTRA/output,1,"['mr', 'mrr', 'hits@1', 'hits@3', 'hits@10']",InductiveInference,256,True,1000,64,"[0, 1]",100,5,124.823,0.404806,0.357639,0.399306,0.465278,0.304772,130.879,0.25046,0.1875,0.2375,0.375
1,0,0,1,0,simple_rdf_reification,ULTRA/ckpts/ultra_50g.pth,NarrativeInductiveDataset,~/git/ULTRA/kg-datasets/,kg_base_prop_0_subevent_0_role_1_causation_0_syntax_simple_rdf_reification,Ultra,"{'aggregate_func': 'sum', 'class': 'EntityNBFNet', 'hidden_dims': [64, 64, 64, 64, 64, 64], 'input_dim': 64, 'layer_norm': True, 'message_func': 'distmult', 'short_cut': True}","{'aggregate_func': 'sum', 'class': 'RelNBFNet', 'hidden_dims': [64, 64, 64, 64, 64, 64], 'input_dim': 64, 'layer_norm': True, 'message_func': 'distmult', 'short_cut': True}",AdamW,0.0005,~/git/ULTRA/output,1,"['mr', 'mrr', 'hits@1', 'hits@3', 'hits@10']",InductiveInference,256,True,1000,64,"[0, 1]",100,5,,,,,,,,,,,
2,0,1,1,1,simple_rdf_sp,ULTRA/ckpts/ultra_50g.pth,NarrativeInductiveDataset,~/git/ULTRA/kg-datasets/,kg_base_prop_0_subevent_1_role_1_causation_1_syntax_simple_rdf_sp,Ultra,"{'aggregate_func': 'sum', 'class': 'EntityNBFNet', 'hidden_dims': [64, 64, 64, 64, 64, 64], 'input_dim': 64, 'layer_norm': True, 'message_func': 'distmult', 'short_cut': True}","{'aggregate_func': 'sum', 'class': 'RelNBFNet', 'hidden_dims': [64, 64, 64, 64, 64, 64], 'input_dim': 64, 'layer_norm': True, 'message_func': 'distmult', 'short_cut': True}",AdamW,0.0005,~/git/ULTRA/output,1,"['mr', 'mrr', 'hits@1', 'hits@3', 'hits@10']",InductiveInference,256,True,1000,64,"[0, 1]",100,5,,,,,,,,,,,
3,1,1,1,1,simple_rdf_sp,ULTRA/ckpts/ultra_50g.pth,NarrativeInductiveDataset,~/git/ULTRA/kg-datasets/,kg_base_prop_1_subevent_1_role_1_causation_1_syntax_simple_rdf_sp,Ultra,"{'aggregate_func': 'sum', 'class': 'EntityNBFNet', 'hidden_dims': [64, 64, 64, 64, 64, 64], 'input_dim': 64, 'layer_norm': True, 'message_func': 'distmult', 'short_cut': True}","{'aggregate_func': 'sum', 'class': 'RelNBFNet', 'hidden_dims': [64, 64, 64, 64, 64, 64], 'input_dim': 64, 'layer_norm': True, 'message_func': 'distmult', 'short_cut': True}",AdamW,0.0005,~/git/ULTRA/output,1,"['mr', 'mrr', 'hits@1', 'hits@3', 'hits@10']",InductiveInference,256,True,1000,64,"[0, 1]",100,5,,,,,,,,,,,
4,0,1,1,0,simple_rdf_prop,ULTRA/ckpts/ultra_50g.pth,NarrativeInductiveDataset,~/git/ULTRA/kg-datasets/,kg_base_prop_0_subevent_1_role_1_causation_0_syntax_simple_rdf_prop,Ultra,"{'aggregate_func': 'sum', 'class': 'EntityNBFNet', 'hidden_dims': [64, 64, 64, 64, 64, 64], 'input_dim': 64, 'layer_norm': True, 'message_func': 'distmult', 'short_cut': True}","{'aggregate_func': 'sum', 'class': 'RelNBFNet', 'hidden_dims': [64, 64, 64, 64, 64, 64], 'input_dim': 64, 'layer_norm': True, 'message_func': 'distmult', 'short_cut': True}",AdamW,0.0005,~/git/ULTRA/output,1,"['mr', 'mrr', 'hits@1', 'hits@3', 'hits@10']",InductiveInference,256,True,1000,64,"[0, 1]",100,5,,,,,,,,,,,
5,1,1,1,1,simple_rdf_prop,ULTRA/ckpts/ultra_50g.pth,NarrativeInductiveDataset,~/git/ULTRA/kg-datasets/,kg_base_prop_1_subevent_1_role_1_causation_1_syntax_simple_rdf_prop,Ultra,"{'aggregate_func': 'sum', 'class': 'EntityNBFNet', 'hidden_dims': [64, 64, 64, 64, 64, 64], 'input_dim': 64, 'layer_norm': True, 'message_func': 'distmult', 'short_cut': True}","{'aggregate_func': 'sum', 'class': 'RelNBFNet', 'hidden_dims': [64, 64, 64, 64, 64, 64], 'input_dim': 64, 'layer_norm': True, 'message_func': 'distmult', 'short_cut': True}",AdamW,0.0005,~/git/ULTRA/output,1,"['mr', 'mrr', 'hits@1', 'hits@3', 'hits@10']",InductiveInference,256,True,1000,64,"[0, 1]",100,5,,,,,,,,,,,
6,0,0,0,1,simple_rdf_reification,ULTRA/ckpts/ultra_50g.pth,NarrativeInductiveDataset,~/git/ULTRA/kg-datasets/,kg_base_prop_0_subevent_0_role_0_causation_1_syntax_simple_rdf_reification,Ultra,"{'aggregate_func': 'sum', 'class': 'EntityNBFNet', 'hidden_dims': [64, 64, 64, 64, 64, 64], 'input_dim': 64, 'layer_norm': True, 'message_func': 'distmult', 'short_cut': True}","{'aggregate_func': 'sum', 'class': 'RelNBFNet', 'hidden_dims': [64, 64, 64, 64, 64, 64], 'input_dim': 64, 'layer_norm': True, 'message_func': 'distmult', 'short_cut': True}",AdamW,0.0005,~/git/ULTRA/output,1,"['mr', 'mrr', 'hits@1', 'hits@3', 'hits@10']",InductiveInference,256,True,1000,64,"[0, 1]",100,5,63.6144,0.234252,0.198944,0.228873,0.28169,0.245897,72.2752,0.23279,0.193798,0.226744,0.286822
7,0,1,0,1,simple_rdf_reification,ULTRA/ckpts/ultra_50g.pth,NarrativeInductiveDataset,~/git/ULTRA/kg-datasets/,kg_base_prop_0_subevent_1_role_0_causation_1_syntax_simple_rdf_reification,Ultra,"{'aggregate_func': 'sum', 'class': 'EntityNBFNet', 'hidden_dims': [64, 64, 64, 64, 64, 64], 'input_dim': 64, 'layer_norm': True, 'message_func': 'distmult', 'short_cut': True}","{'aggregate_func': 'sum', 'class': 'RelNBFNet', 'hidden_dims': [64, 64, 64, 64, 64, 64], 'input_dim': 64, 'layer_norm': True, 'message_func': 'distmult', 'short_cut': True}",AdamW,0.0005,~/git/ULTRA/output,1,"['mr', 'mrr', 'hits@1', 'hits@3', 'hits@10']",InductiveInference,256,True,1000,64,"[0, 1]",100,5,362.565,0.227707,0.21662,0.224323,0.242297,0.14345,321.674,0.221268,0.202932,0.219907,0.238426
8,1,0,0,1,simple_rdf_reification,ULTRA/ckpts/ultra_50g.pth,NarrativeInductiveDataset,~/git/ULTRA/kg-datasets/,kg_base_prop_1_subevent_0_role_0_causation_1_syntax_simple_rdf_reification,Ultra,"{'aggregate_func': 'sum', 'class': 'EntityNBFNet', 'hidden_dims': [64, 64, 64, 64, 64, 64], 'input_dim': 64, 'layer_norm': True, 'message_func': 'distmult', 'short_cut': True}","{'aggregate_func': 'sum', 'class': 'RelNBFNet', 'hidden_dims': [64, 64, 64, 64, 64, 64], 'input_dim': 64, 'layer_norm': True, 'message_func': 'distmult', 'short_cut': True}",AdamW,0.0005,~/git/ULTRA/output,1,"['mr', 'mrr', 'hits@1', 'hits@3', 'hits@10']",InductiveInference,256,True,1000,64,"[0, 1]",100,5,62.6549,0.353788,0.323944,0.353873,0.387324,0.266204,69.8159,0.291893,0.263566,0.282946,0.331395
9,1,0,1,1,simple_rdf_reification,ULTRA/ckpts/ultra_50g.pth,NarrativeInductiveDataset,~/git/ULTRA/kg-datasets/,kg_base_prop_1_subevent_0_role_1_causation_1_syntax_simple_rdf_reification,Ultra,"{'aggregate_func': 'sum', 'class': 'EntityNBFNet', 'hidden_dims': [64, 64, 64, 64, 64, 64], 'input_dim': 64, 'layer_norm': True, 'message_func': 'distmult', 'short_cut': True}","{'aggregate_func': 'sum', 'class': 'RelNBFNet', 'hidden_dims': [64, 64, 64, 64, 64, 64], 'input_dim': 64, 'layer_norm': True, 'message_func': 'distmult', 'short_cut': True}",AdamW,0.0005,~/git/ULTRA/output,1,"['mr', 'mrr', 'hits@1', 'hits@3', 'hits@10']",InductiveInference,256,True,1000,64,"[0, 1]",100,5,,,,,,,,,,,
10,1,1,1,0,simple_rdf_sp,ULTRA/ckpts/ultra_50g.pth,NarrativeInductiveDataset,~/git/ULTRA/kg-datasets/,kg_base_prop_1_subevent_1_role_1_causation_0_syntax_simple_rdf_sp,Ultra,"{'aggregate_func': 'sum', 'class': 'EntityNBFNet', 'hidden_dims': [64, 64, 64, 64, 64, 64], 'input_dim': 64, 'layer_norm': True, 'message_func': 'distmult', 'short_cut': True}","{'aggregate_func': 'sum', 'class': 'RelNBFNet', 'hidden_dims': [64, 64, 64, 64, 64, 64], 'input_dim': 64, 'layer_norm': True, 'message_func': 'distmult', 'short_cut': True}",AdamW,0.0005,~/git/ULTRA/output,1,"['mr', 'mrr', 'hits@1', 'hits@3', 'hits@10']",InductiveInference,256,True,1000,64,"[0, 1]",100,5,,,,,,,,,,,
11,0,0,1,1,simple_rdf_sp,ULTRA/ckpts/ultra_50g.pth,NarrativeInductiveDataset,~/git/ULTRA/kg-datasets/,kg_base_prop_0_subevent_0_role_1_causation_1_syntax_simple_rdf_sp,Ultra,"{'aggregate_func': 'sum', 'class': 'EntityNBFNet', 'hidden_dims': [64, 64, 64, 64, 64, 64], 'input_dim': 64, 'layer_norm': True, 'message_func': 'distmult', 'short_cut': True}","{'aggregate_func': 'sum', 'class': 'RelNBFNet', 'hidden_dims': [64, 64, 64, 64, 64, 64], 'input_dim': 64, 'layer_norm': True, 'message_func': 'distmult', 'short_cut': True}",AdamW,0.0005,~/git/ULTRA/output,1,"['mr', 'mrr', 'hits@1', 'hits@3', 'hits@10']",InductiveInference,256,True,1000,64,"[0, 1]",100,5,,,,,,,,,,,
12,0,0,1,1,simple_rdf_prop,ULTRA/ckpts/ultra_50g.pth,NarrativeInductiveDataset,~/git/ULTRA/kg-datasets/,kg_base_prop_0_subevent_0_role_1_causation_1_syntax_simple_rdf_prop,Ultra,"{'aggregate_func': 'sum', 'class': 'EntityNBFNet', 'hidden_dims': [64, 64, 64, 64, 64, 64], 'input_dim': 64, 'layer_norm': True, 'message_func': 'distmult', 'short_cut': True}","{'aggregate_func': 'sum', 'class': 'RelNBFNet', 'hidden_dims': [64, 64, 64, 64, 64, 64], 'input_dim': 64, 'layer_norm': True, 'message_func': 'distmult', 'short_cut': True}",AdamW,0.0005,~/git/ULTRA/output,1,"['mr', 'mrr', 'hits@1', 'hits@3', 'hits@10']",InductiveInference,256,True,1000,64,"[0, 1]",100,5,,,,,,,,,,,
13,0,0,1,1,simple_rdf_reification,ULTRA/ckpts/ultra_50g.pth,NarrativeInductiveDataset,~/git/ULTRA/kg-datasets/,kg_base_prop_0_subevent_0_role_1_causation_1_syntax_simple_rdf_reification,Ultra,"{'aggregate_func': 'sum', 'class': 'EntityNBFNet', 'hidden_dims': [64, 64, 64, 64, 64, 64], 'input_dim': 64, 'layer_norm': True, 'message_func': 'distmult', 'short_cut': True}","{'aggregate_func': 'sum', 'class': 'RelNBFNet', 'hidden_dims': [64, 64, 64, 64, 64, 64], 'input_dim': 64, 'layer_norm': True, 'message_func': 'distmult', 'short_cut': True}",AdamW,0.0005,~/git/ULTRA/output,1,"['mr', 'mrr', 'hits@1', 'hits@3', 'hits@10']",InductiveInference,256,True,1000,64,"[0, 1]",100,5,,,,,,,,,,,
14,1,1,0,0,simple_rdf_prop,ULTRA/ckpts/ultra_50g.pth,NarrativeInductiveDataset,~/git/ULTRA/kg-datasets/,kg_base_prop_1_subevent_1_role_0_causation_0_syntax_simple_rdf_prop,Ultra,"{'aggregate_func': 'sum', 'class': 'EntityNBFNet', 'hidden_dims': [64, 64, 64, 64, 64, 64], 'input_dim': 64, 'layer_norm': True, 'message_func': 'distmult', 'short_cut': True}","{'aggregate_func': 'sum', 'class': 'RelNBFNet', 'hidden_dims': [64, 64, 64, 64, 64, 64], 'input_dim': 64, 'layer_norm': True, 'message_func': 'distmult', 'short_cut': True}",AdamW,0.0005,~/git/ULTRA/output,1,"['mr', 'mrr', 'hits@1', 'hits@3', 'hits@10']",InductiveInference,256,True,1000,64,"[0, 1]",100,5,,,,,,,,,,,
15,0,1,1,0,simple_rdf_reification,ULTRA/ckpts/ultra_50g.pth,NarrativeInductiveDataset,~/git/ULTRA/kg-datasets/,kg_base_prop_0_subevent_1_role_1_causation_0_syntax_simple_rdf_reification,Ultra,"{'aggregate_func': 'sum', 'class': 'EntityNBFNet', 'hidden_dims': [64, 64, 64, 64, 64, 64], 'input_dim': 64, 'layer_norm': True, 'message_func': 'distmult', 'short_cut': True}","{'aggregate_func': 'sum', 'class': 'RelNBFNet', 'hidden_dims': [64, 64, 64, 64, 64, 64], 'input_dim': 64, 'layer_norm': True, 'message_func': 'distmult', 'short_cut': True}",AdamW,0.0005,~/git/ULTRA/output,1,"['mr', 'mrr', 'hits@1', 'hits@3', 'hits@10']",InductiveInference,256,True,1000,64,"[0, 1]",100,5,,,,,,,,,,,
16,1,1,0,1,simple_rdf_prop,ULTRA/ckpts/ultra_50g.pth,NarrativeInductiveDataset,~/git/ULTRA/kg-datasets/,kg_base_prop_1_subevent_1_role_0_causation_1_syntax_simple_rdf_prop,Ultra,"{'aggregate_func': 'sum', 'class': 'EntityNBFNet', 'hidden_dims': [64, 64, 64, 64, 64, 64], 'input_dim': 64, 'layer_norm': True, 'message_func': 'distmult', 'short_cut': True}","{'aggregate_func': 'sum', 'class': 'RelNBFNet', 'hidden_dims': [64, 64, 64, 64, 64, 64], 'input_dim': 64, 'layer_norm': True, 'message_func': 'distmult', 'short_cut': True}",AdamW,0.0005,~/git/ULTRA/output,1,"['mr', 'mrr', 'hits@1', 'hits@3', 'hits@10']",InductiveInference,256,True,1000,64,"[0, 1]",100,5,,,,,,,,,,,
17,0,1,0,0,simple_rdf_prop,ULTRA/ckpts/ultra_50g.pth,NarrativeInductiveDataset,~/git/ULTRA/kg-datasets/,kg_base_prop_0_subevent_1_role_0_causation_0_syntax_simple_rdf_prop,Ultra,"{'aggregate_func': 'sum', 'class': 'EntityNBFNet', 'hidden_dims': [64, 64, 64, 64, 64, 64], 'input_dim': 64, 'layer_norm': True, 'message_func': 'distmult', 'short_cut': True}","{'aggregate_func': 'sum', 'class': 'RelNBFNet', 'hidden_dims': [64, 64, 64, 64, 64, 64], 'input_dim': 64, 'layer_norm': True, 'message_func': 'distmult', 'short_cut': True}",AdamW,0.0005,~/git/ULTRA/output,1,"['mr', 'mrr', 'hits@1', 'hits@3', 'hits@10']",InductiveInference,256,True,1000,64,"[0, 1]",100,5,98.0175,0.124602,0.0657895,0.127193,0.247807,0.290272,102.827,0.147594,0.102041,0.127551,0.234694
18,0,1,1,1,simple_rdf_prop,ULTRA/ckpts/ultra_50g.pth,NarrativeInductiveDataset,~/git/ULTRA/kg-datasets/,kg_base_prop_0_subevent_1_role_1_causation_1_syntax_simple_rdf_prop,Ultra,"{'aggregate_func': 'sum', 'class': 'EntityNBFNet', 'hidden_dims': [64, 64, 64, 64, 64, 64], 'input_dim': 64, 'layer_norm': True, 'message_func': 'distmult', 'short_cut': True}","{'aggregate_func': 'sum', 'class': 'RelNBFNet', 'hidden_dims': [64, 64, 64, 64, 64, 64], 'input_dim': 64, 'layer_norm': True, 'message_func': 'distmult', 'short_cut': True}",AdamW,0.0005,~/git/ULTRA/output,1,"['mr', 'mrr', 'hits@1', 'hits@3', 'hits@10']",InductiveInference,256,True,1000,64,"[0, 1]",100,5,,,,,,,,,,,
19,1,1,0,1,simple_rdf_sp,ULTRA/ckpts/ultra_50g.pth,NarrativeInductiveDataset,~/git/ULTRA/kg-datasets/,kg_base_prop_1_subevent_1_role_0_causation_1_syntax_simple_rdf_sp,Ultra,"{'aggregate_func': 'sum', 'class': 'EntityNBFNet', 'hidden_dims': [64, 64, 64, 64, 64, 64], 'input_dim': 64, 'layer_norm': True, 'message_func': 'distmult', 'short_cut': True}","{'aggregate_func': 'sum', 'class': 'RelNBFNet', 'hidden_dims': [64, 64, 64, 64, 64, 64], 'input_dim': 64, 'layer_norm': True, 'message_func': 'distmult', 'short_cut': True}",AdamW,0.0005,~/git/ULTRA/output,1,"['mr', 'mrr', 'hits@1', 'hits@3', 'hits@10']",InductiveInference,256,True,1000,64,"[0, 1]",100,5,,,,,,,,,,,
20,1,0,1,0,simple_rdf_sp,ULTRA/ckpts/ultra_50g.pth,NarrativeInductiveDataset,~/git/ULTRA/kg-datasets/,kg_base_prop_1_subevent_0_role_1_causation_0_syntax_simple_rdf_sp,Ultra,"{'aggregate_func': 'sum', 'class': 'EntityNBFNet', 'hidden_dims': [64, 64, 64, 64, 64, 64], 'input_dim': 64, 'layer_norm': True, 'message_func': 'distmult', 'short_cut': True}","{'aggregate_func': 'sum', 'class': 'RelNBFNet', 'hidden_dims': [64, 64, 64, 64, 64, 64], 'input_dim': 64, 'layer_norm': True, 'message_func': 'distmult', 'short_cut': True}",AdamW,0.0005,~/git/ULTRA/output,1,"['mr', 'mrr', 'hits@1', 'hits@3', 'hits@10']",InductiveInference,256,True,1000,64,"[0, 1]",100,5,,,,,,,,,,,
21,1,0,0,0,simple_rdf_prop,ULTRA/ckpts/ultra_50g.pth,NarrativeInductiveDataset,~/git/ULTRA/kg-datasets/,kg_base_prop_1_subevent_0_role_0_causation_0_syntax_simple_rdf_prop,Ultra,"{'aggregate_func': 'sum', 'class': 'EntityNBFNet', 'hidden_dims': [64, 64, 64, 64, 64, 64], 'input_dim': 64, 'layer_norm': True, 'message_func': 'distmult', 'short_cut': True}","{'aggregate_func': 'sum', 'class': 'RelNBFNet', 'hidden_dims': [64, 64, 64, 64, 64, 64], 'input_dim': 64, 'layer_norm': True, 'message_func': 'distmult', 'short_cut': True}",AdamW,0.0005,~/git/ULTRA/output,1,"['mr', 'mrr', 'hits@1', 'hits@3', 'hits@10']",InductiveInference,256,True,1000,64,"[0, 1]",100,5,2.98913,0.939098,0.934783,0.934783,0.956522,0.31342,22.8833,0.658294,0.633333,0.65,0.716667
22,0,0,0,1,simple_rdf_prop,ULTRA/ckpts/ultra_50g.pth,NarrativeInductiveDataset,~/git/ULTRA/kg-datasets/,kg_base_prop_0_subevent_0_role_0_causation_1_syntax_simple_rdf_prop,Ultra,"{'aggregate_func': 'sum', 'class': 'EntityNBFNet', 'hidden_dims': [64, 64, 64, 64, 64, 64], 'input_dim': 64, 'layer_norm': True, 'message_func': 'distmult', 'short_cut': True}","{'aggregate_func': 'sum', 'class': 'RelNBFNet', 'hidden_dims': [64, 64, 64, 64, 64, 64], 'input_dim': 64, 'layer_norm': True, 'message_func': 'distmult', 'short_cut': True}",AdamW,0.0005,~/git/ULTRA/output,1,"['mr', 'mrr', 'hits@1', 'hits@3', 'hits@10']",InductiveInference,256,True,1000,64,"[0, 1]",100,5,92.489,0.191544,0.125,0.1875,0.294118,0.352061,93.5431,0.135284,0.0560345,0.155172,0.293103
23,1,1,1,0,simple_rdf_prop,ULTRA/ckpts/ultra_50g.pth,NarrativeInductiveDataset,~/git/ULTRA/kg-datasets/,kg_base_prop_1_subevent_1_role_1_causation_0_syntax_simple_rdf_prop,Ultra,"{'aggregate_func': 'sum', 'class': 'EntityNBFNet', 'hidden_dims': [64, 64, 64, 64, 64, 64], 'input_dim': 64, 'layer_norm': True, 'message_func': 'distmult', 'short_cut': True}","{'aggregate_func': 'sum', 'class': 'RelNBFNet', 'hidden_dims': [64, 64, 64, 64, 64, 64], 'input_dim': 64, 'layer_norm': True, 'message_func': 'distmult', 'short_cut': True}",AdamW,0.0005,~/git/ULTRA/output,1,"['mr', 'mrr', 'hits@1', 'hits@3', 'hits@10']",InductiveInference,256,True,1000,64,"[0, 1]",100,5,,,,,,,,,,,
24,0,0,1,0,simple_rdf_prop,ULTRA/ckpts/ultra_50g.pth,NarrativeInductiveDataset,~/git/ULTRA/kg-datasets/,kg_base_prop_0_subevent_0_role_1_causation_0_syntax_simple_rdf_prop,Ultra,"{'aggregate_func': 'sum', 'class': 'EntityNBFNet', 'hidden_dims': [64, 64, 64, 64, 64, 64], 'input_dim': 64, 'layer_norm': True, 'message_func': 'distmult', 'short_cut': True}","{'aggregate_func': 'sum', 'class': 'RelNBFNet', 'hidden_dims': [64, 64, 64, 64, 64, 64], 'input_dim': 64, 'layer_norm': True, 'message_func': 'distmult', 'short_cut': True}",AdamW,0.0005,~/git/ULTRA/output,1,"['mr', 'mrr', 'hits@1', 'hits@3', 'hits@10']",InductiveInference,256,True,1000,64,"[0, 1]",100,5,,,,,,,,,,,
25,1,1,0,1,simple_rdf_reification,ULTRA/ckpts/ultra_50g.pth,NarrativeInductiveDataset,~/git/ULTRA/kg-datasets/,kg_base_prop_1_subevent_1_role_0_causation_1_syntax_simple_rdf_reification,Ultra,"{'aggregate_func': 'sum', 'class': 'EntityNBFNet', 'hidden_dims': [64, 64, 64, 64, 64, 64], 'input_dim': 64, 'layer_norm': True, 'message_func': 'distmult', 'short_cut': True}","{'aggregate_func': 'sum', 'class': 'RelNBFNet', 'hidden_dims': [64, 64, 64, 64, 64, 64], 'input_dim': 64, 'layer_norm': True, 'message_func': 'distmult', 'short_cut': True}",AdamW,0.0005,~/git/ULTRA/output,1,"['mr', 'mrr', 'hits@1', 'hits@3', 'hits@10']",InductiveInference,256,True,1000,64,"[0, 1]",100,5,,,,,,,,,,,
26,1,0,1,1,simple_rdf_prop,ULTRA/ckpts/ultra_50g.pth,NarrativeInductiveDataset,~/git/ULTRA/kg-datasets/,kg_base_prop_1_subevent_0_role_1_causation_1_syntax_simple_rdf_prop,Ultra,"{'aggregate_func': 'sum', 'class': 'EntityNBFNet', 'hidden_dims': [64, 64, 64, 64, 64, 64], 'input_dim': 64, 'layer_norm': True, 'message_func': 'distmult', 'short_cut': True}","{'aggregate_func': 'sum', 'class': 'RelNBFNet', 'hidden_dims': [64, 64, 64, 64, 64, 64], 'input_dim': 64, 'layer_norm': True, 'message_func': 'distmult', 'short_cut': True}",AdamW,0.0005,~/git/ULTRA/output,1,"['mr', 'mrr', 'hits@1', 'hits@3', 'hits@10']",InductiveInference,256,True,1000,64,"[0, 1]",100,5,,,,,,,,,,,
27,0,1,0,1,simple_rdf_sp,ULTRA/ckpts/ultra_50g.pth,NarrativeInductiveDataset,~/git/ULTRA/kg-datasets/,kg_base_prop_0_subevent_1_role_0_causation_1_syntax_simple_rdf_sp,Ultra,"{'aggregate_func': 'sum', 'class': 'EntityNBFNet', 'hidden_dims': [64, 64, 64, 64, 64, 64], 'input_dim': 64, 'layer_norm': True, 'message_func': 'distmult', 'short_cut': True}","{'aggregate_func': 'sum', 'class': 'RelNBFNet', 'hidden_dims': [64, 64, 64, 64, 64, 64], 'input_dim': 64, 'layer_norm': True, 'message_func': 'distmult', 'short_cut': True}",AdamW,0.0005,~/git/ULTRA/output,1,"['mr', 'mrr', 'hits@1', 'hits@3', 'hits@10']",InductiveInference,256,True,1000,64,"[0, 1]",100,5,194.696,0.128747,0.0734649,0.130482,0.223684,0.262647,224.88,0.115573,0.0641026,0.108974,0.192308
28,0,0,0,0,simple_rdf_prop,ULTRA/ckpts/ultra_50g.pth,NarrativeInductiveDataset,~/git/ULTRA/kg-datasets/,kg_base_prop_0_subevent_0_role_0_causation_0_syntax_simple_rdf_prop,Ultra,"{'aggregate_func': 'sum', 'class': 'EntityNBFNet', 'hidden_dims': [64, 64, 64, 64, 64, 64], 'input_dim': 64, 'layer_norm': True, 'message_func': 'distmult', 'short_cut': True}","{'aggregate_func': 'sum', 'class': 'RelNBFNet', 'hidden_dims': [64, 64, 64, 64, 64, 64], 'input_dim': 64, 'layer_norm': True, 'message_func': 'distmult', 'short_cut': True}",AdamW,0.0005,~/git/ULTRA/output,1,"['mr', 'mrr', 'hits@1', 'hits@3', 'hits@10']",InductiveInference,256,True,1000,64,"[0, 1]",100,5,43.3261,0.184707,0.130435,0.173913,0.315217,0.34618,43.0667,0.145685,0.0,0.233333,0.333333
29,1,0,1,0,simple_rdf_prop,ULTRA/ckpts/ultra_50g.pth,NarrativeInductiveDataset,~/git/ULTRA/kg-datasets/,kg_base_prop_1_subevent_0_role_1_causation_0_syntax_simple_rdf_prop,Ultra,"{'aggregate_func': 'sum', 'class': 'EntityNBFNet', 'hidden_dims': [64, 64, 64, 64, 64, 64], 'input_dim': 64, 'layer_norm': True, 'message_func': 'distmult', 'short_cut': True}","{'aggregate_func': 'sum', 'class': 'RelNBFNet', 'hidden_dims': [64, 64, 64, 64, 64, 64], 'input_dim': 64, 'layer_norm': True, 'message_func': 'distmult', 'short_cut': True}",AdamW,0.0005,~/git/ULTRA/output,1,"['mr', 'mrr', 'hits@1', 'hits@3', 'hits@10']",InductiveInference,256,True,1000,64,"[0, 1]",100,5,,,,,,,,,,,
30,0,0,1,0,simple_rdf_sp,ULTRA/ckpts/ultra_50g.pth,NarrativeInductiveDataset,~/git/ULTRA/kg-datasets/,kg_base_prop_0_subevent_0_role_1_causation_0_syntax_simple_rdf_sp,Ultra,"{'aggregate_func': 'sum', 'class': 'EntityNBFNet', 'hidden_dims': [64, 64, 64, 64, 64, 64], 'input_dim': 64, 'layer_norm': True, 'message_func': 'distmult', 'short_cut': True}","{'aggregate_func': 'sum', 'class': 'RelNBFNet', 'hidden_dims': [64, 64, 64, 64, 64, 64], 'input_dim': 64, 'layer_norm': True, 'message_func': 'distmult', 'short_cut': True}",AdamW,0.0005,~/git/ULTRA/output,1,"['mr', 'mrr', 'hits@1', 'hits@3', 'hits@10']",InductiveInference,256,True,1000,64,"[0, 1]",100,5,,,,,,,,,,,
31,1,0,1,1,simple_rdf_sp,ULTRA/ckpts/ultra_50g.pth,NarrativeInductiveDataset,~/git/ULTRA/kg-datasets/,kg_base_prop_1_subevent_0_role_1_causation_1_syntax_simple_rdf_sp,Ultra,"{'aggregate_func': 'sum', 'class': 'EntityNBFNet', 'hidden_dims': [64, 64, 64, 64, 64, 64], 'input_dim': 64, 'layer_norm': True, 'message_func': 'distmult', 'short_cut': True}","{'aggregate_func': 'sum', 'class': 'RelNBFNet', 'hidden_dims': [64, 64, 64, 64, 64, 64], 'input_dim': 64, 'layer_norm': True, 'message_func': 'distmult', 'short_cut': True}",AdamW,0.0005,~/git/ULTRA/output,1,"['mr', 'mrr', 'hits@1', 'hits@3', 'hits@10']",InductiveInference,256,True,1000,64,"[0, 1]",100,5,,,,,,,,,,,
32,1,1,1,0,simple_rdf_reification,ULTRA/ckpts/ultra_50g.pth,NarrativeInductiveDataset,~/git/ULTRA/kg-datasets/,kg_base_prop_1_subevent_1_role_1_causation_0_syntax_simple_rdf_reification,Ultra,"{'aggregate_func': 'sum', 'class': 'EntityNBFNet', 'hidden_dims': [64, 64, 64, 64, 64, 64], 'input_dim': 64, 'layer_norm': True, 'message_func': 'distmult', 'short_cut': True}","{'aggregate_func': 'sum', 'class': 'RelNBFNet', 'hidden_dims': [64, 64, 64, 64, 64, 64], 'input_dim': 64, 'layer_norm': True, 'message_func': 'distmult', 'short_cut': True}",AdamW,0.0005,~/git/ULTRA/output,1,"['mr', 'mrr', 'hits@1', 'hits@3', 'hits@10']",InductiveInference,256,True,1000,64,"[0, 1]",100,5,,,,,,,,,,,
33,0,1,1,1,simple_rdf_reification,ULTRA/ckpts/ultra_50g.pth,NarrativeInductiveDataset,~/git/ULTRA/kg-datasets/,kg_base_prop_0_subevent_1_role_1_causation_1_syntax_simple_rdf_reification,Ultra,"{'aggregate_func': 'sum', 'class': 'EntityNBFNet', 'hidden_dims': [64, 64, 64, 64, 64, 64], 'input_dim': 64, 'layer_norm': True, 'message_func': 'distmult', 'short_cut': True}","{'aggregate_func': 'sum', 'class': 'RelNBFNet', 'hidden_dims': [64, 64, 64, 64, 64, 64], 'input_dim': 64, 'layer_norm': True, 'message_func': 'distmult', 'short_cut': True}",AdamW,0.0005,~/git/ULTRA/output,1,"['mr', 'mrr', 'hits@1', 'hits@3', 'hits@10']",InductiveInference,256,True,1000,64,"[0, 1]",100,5,,,,,,,,,,,
34,0,1,1,0,simple_rdf_sp,ULTRA/ckpts/ultra_50g.pth,NarrativeInductiveDataset,~/git/ULTRA/kg-datasets/,kg_base_prop_0_subevent_1_role_1_causation_0_syntax_simple_rdf_sp,Ultra,"{'aggregate_func': 'sum', 'class': 'EntityNBFNet', 'hidden_dims': [64, 64, 64, 64, 64, 64], 'input_dim': 64, 'layer_norm': True, 'message_func': 'distmult', 'short_cut': True}","{'aggregate_func': 'sum', 'class': 'RelNBFNet', 'hidden_dims': [64, 64, 64, 64, 64, 64], 'input_dim': 64, 'layer_norm': True, 'message_func': 'distmult', 'short_cut': True}",AdamW,0.0005,~/git/ULTRA/output,1,"['mr', 'mrr', 'hits@1', 'hits@3', 'hits@10']",InductiveInference,256,True,1000,64,"[0, 1]",100,5,,,,,,,,,,,
35,1,1,1,1,simple_rdf_reification,ULTRA/ckpts/ultra_50g.pth,NarrativeInductiveDataset,~/git/ULTRA/kg-datasets/,kg_base_prop_1_subevent_1_role_1_causation_1_syntax_simple_rdf_reification,Ultra,"{'aggregate_func': 'sum', 'class': 'EntityNBFNet', 'hidden_dims': [64, 64, 64, 64, 64, 64], 'input_dim': 64, 'layer_norm': True, 'message_func': 'distmult', 'short_cut': True}","{'aggregate_func': 'sum', 'class': 'RelNBFNet', 'hidden_dims': [64, 64, 64, 64, 64, 64], 'input_dim': 64, 'layer_norm': True, 'message_func': 'distmult', 'short_cut': True}",AdamW,0.0005,~/git/ULTRA/output,1,"['mr', 'mrr', 'hits@1', 'hits@3', 'hits@10']",InductiveInference,256,True,1000,64,"[0, 1]",100,5,,,,,,,,,,,
36,0,1,0,1,simple_rdf_prop,ULTRA/ckpts/ultra_50g.pth,NarrativeInductiveDataset,~/git/ULTRA/kg-datasets/,kg_base_prop_0_subevent_1_role_0_causation_1_syntax_simple_rdf_prop,Ultra,"{'aggregate_func': 'sum', 'class': 'EntityNBFNet', 'hidden_dims': [64, 64, 64, 64, 64, 64], 'input_dim': 64, 'layer_norm': True, 'message_func': 'distmult', 'short_cut': True}","{'aggregate_func': 'sum', 'class': 'RelNBFNet', 'hidden_dims': [64, 64, 64, 64, 64, 64], 'input_dim': 64, 'layer_norm': True, 'message_func': 'distmult', 'short_cut': True}",AdamW,0.0005,~/git/ULTRA/output,1,"['mr', 'mrr', 'hits@1', 'hits@3', 'hits@10']",InductiveInference,256,True,1000,64,"[0, 1]",100,5,153.35,0.12388,0.0755556,0.11,0.222222,0.269815,183.912,0.121879,0.0679825,0.138158,0.192982
37,1,0,1,0,simple_rdf_reification,ULTRA/ckpts/ultra_50g.pth,NarrativeInductiveDataset,~/git/ULTRA/kg-datasets/,kg_base_prop_1_subevent_0_role_1_causation_0_syntax_simple_rdf_reification,Ultra,"{'aggregate_func': 'sum', 'class': 'EntityNBFNet', 'hidden_dims': [64, 64, 64, 64, 64, 64], 'input_dim': 64, 'layer_norm': True, 'message_func': 'distmult', 'short_cut': True}","{'aggregate_func': 'sum', 'class': 'RelNBFNet', 'hidden_dims': [64, 64, 64, 64, 64, 64], 'input_dim': 64, 'layer_norm': True, 'message_func': 'distmult', 'short_cut': True}",AdamW,0.0005,~/git/ULTRA/output,1,"['mr', 'mrr', 'hits@1', 'hits@3', 'hits@10']",InductiveInference,256,True,1000,64,"[0, 1]",100,5,,,,,,,,,,,
38,0,0,0,1,simple_rdf_sp,ULTRA/ckpts/ultra_50g.pth,NarrativeInductiveDataset,~/git/ULTRA/kg-datasets/,kg_base_prop_0_subevent_0_role_0_causation_1_syntax_simple_rdf_sp,Ultra,"{'aggregate_func': 'sum', 'class': 'EntityNBFNet', 'hidden_dims': [64, 64, 64, 64, 64, 64], 'input_dim': 64, 'layer_norm': True, 'message_func': 'distmult', 'short_cut': True}","{'aggregate_func': 'sum', 'class': 'RelNBFNet', 'hidden_dims': [64, 64, 64, 64, 64, 64], 'input_dim': 64, 'layer_norm': True, 'message_func': 'distmult', 'short_cut': True}",AdamW,0.0005,~/git/ULTRA/output,1,"['mr', 'mrr', 'hits@1', 'hits@3', 'hits@10']",InductiveInference,256,True,1000,64,"[0, 1]",100,5,115.417,0.186437,0.125,0.194444,0.232639,0.330046,115.367,0.122363,0.0416667,0.1625,0.2375
39,1,0,0,1,simple_rdf_prop,ULTRA/ckpts/ultra_50g.pth,NarrativeInductiveDataset,~/git/ULTRA/kg-datasets/,kg_base_prop_1_subevent_0_role_0_causation_1_syntax_simple_rdf_prop,Ultra,"{'aggregate_func': 'sum', 'class': 'EntityNBFNet', 'hidden_dims': [64, 64, 64, 64, 64, 64], 'input_dim': 64, 'layer_norm': True, 'message_func': 'distmult', 'short_cut': True}","{'aggregate_func': 'sum', 'class': 'RelNBFNet', 'hidden_dims': [64, 64, 64, 64, 64, 64], 'input_dim': 64, 'layer_norm': True, 'message_func': 'distmult', 'short_cut': True}",AdamW,0.0005,~/git/ULTRA/output,1,"['mr', 'mrr', 'hits@1', 'hits@3', 'hits@10']",InductiveInference,256,True,1000,64,"[0, 1]",100,5,145.798,0.42896,0.389706,0.422794,0.492647,0.306233,147.56,0.275482,0.219828,0.271552,0.349138
