,prop,subevent,role,causation,syntax,checkpoint,dataset_class,dataset_root,dataset_version,model_class,model_entity_model,model_relation_model,optimizer_class,optimizer_lr,output_dir,task_adversarial_temperature,task_metric,task_name,task_num_negative,task_strict_negative,train_batch_per_epoch,train_batch_size,train_gpus,train_log_interval,train_num_epoch,valid_mr,valid_mrr,valid_hits@1,valid_hits@3,valid_hits@10,valid_10_50,test_mr,test_mrr,test_hits@1,test_hits@3,test_hits@10,test_10_50
0,1,0,0,1,simple_rdf_sp,ULTRA/ckpts/ultra_4g.pth,NarrativeInductiveDataset,~/git/ULTRA/kg-datasets/,kg_base_prop_1_subevent_0_role_0_causation_1_syntax_simple_rdf_sp,Ultra,"{'aggregate_func': 'sum', 'class': 'EntityNBFNet', 'hidden_dims': [64, 64, 64, 64, 64, 64], 'input_dim': 64, 'layer_norm': True, 'message_func': 'distmult', 'short_cut': True}","{'aggregate_func': 'sum', 'class': 'RelNBFNet', 'hidden_dims': [64, 64, 64, 64, 64, 64], 'input_dim': 64, 'layer_norm': True, 'message_func': 'distmult', 'short_cut': True}",AdamW,0.0005,~/git/ULTRA/output,1,"['mr', 'mrr', 'hits@1', 'hits@3', 'hits@10', 'hits@10_50']",InductiveInference,256,True,,16,"[0, 1]",100,0,269.188,0.324953,0.298611,0.319444,0.375,0.853228,219.067,0.207669,0.175,0.2,0.254167,0.878398
1,0,0,1,0,simple_rdf_reification,ULTRA/ckpts/ultra_4g.pth,NarrativeInductiveDataset,~/git/ULTRA/kg-datasets/,kg_base_prop_0_subevent_0_role_1_causation_0_syntax_simple_rdf_reification,Ultra,"{'aggregate_func': 'sum', 'class': 'EntityNBFNet', 'hidden_dims': [64, 64, 64, 64, 64, 64], 'input_dim': 64, 'layer_norm': True, 'message_func': 'distmult', 'short_cut': True}","{'aggregate_func': 'sum', 'class': 'RelNBFNet', 'hidden_dims': [64, 64, 64, 64, 64, 64], 'input_dim': 64, 'layer_norm': True, 'message_func': 'distmult', 'short_cut': True}",AdamW,0.0005,~/git/ULTRA/output,1,"['mr', 'mrr', 'hits@1', 'hits@3', 'hits@10', 'hits@10_50']",InductiveInference,256,True,,16,"[0, 1]",100,0,10361.1,0.235217,0.220035,0.236063,0.265356,0.488063,10133.3,0.233383,0.218329,0.235145,0.262405,0.496747
2,0,1,1,1,simple_rdf_sp,ULTRA/ckpts/ultra_4g.pth,NarrativeInductiveDataset,~/git/ULTRA/kg-datasets/,kg_base_prop_0_subevent_1_role_1_causation_1_syntax_simple_rdf_sp,Ultra,"{'aggregate_func': 'sum', 'class': 'EntityNBFNet', 'hidden_dims': [64, 64, 64, 64, 64, 64], 'input_dim': 64, 'layer_norm': True, 'message_func': 'distmult', 'short_cut': True}","{'aggregate_func': 'sum', 'class': 'RelNBFNet', 'hidden_dims': [64, 64, 64, 64, 64, 64], 'input_dim': 64, 'layer_norm': True, 'message_func': 'distmult', 'short_cut': True}",AdamW,0.0005,~/git/ULTRA/output,1,"['mr', 'mrr', 'hits@1', 'hits@3', 'hits@10', 'hits@10_50']",InductiveInference,256,True,,16,"[0, 1]",100,0,9190.23,0.0354839,0.0212412,0.0356304,0.0574344,0.699031,9226.09,0.0429014,0.0262843,0.0448402,0.0701165,0.695933
3,1,1,1,1,simple_rdf_sp,ULTRA/ckpts/ultra_4g.pth,NarrativeInductiveDataset,~/git/ULTRA/kg-datasets/,kg_base_prop_1_subevent_1_role_1_causation_1_syntax_simple_rdf_sp,Ultra,"{'aggregate_func': 'sum', 'class': 'EntityNBFNet', 'hidden_dims': [64, 64, 64, 64, 64, 64], 'input_dim': 64, 'layer_norm': True, 'message_func': 'distmult', 'short_cut': True}","{'aggregate_func': 'sum', 'class': 'RelNBFNet', 'hidden_dims': [64, 64, 64, 64, 64, 64], 'input_dim': 64, 'layer_norm': True, 'message_func': 'distmult', 'short_cut': True}",AdamW,0.0005,~/git/ULTRA/output,1,"['mr', 'mrr', 'hits@1', 'hits@3', 'hits@10', 'hits@10_50']",InductiveInference,256,True,,16,"[0, 1]",100,0,20450.7,0.0351878,0.0228966,0.0374552,0.0546584,0.7003,20230.6,0.040677,0.0270859,0.0440209,0.0624747,0.703914
4,0,1,1,0,simple_rdf_prop,ULTRA/ckpts/ultra_4g.pth,NarrativeInductiveDataset,~/git/ULTRA/kg-datasets/,kg_base_prop_0_subevent_1_role_1_causation_0_syntax_simple_rdf_prop,Ultra,"{'aggregate_func': 'sum', 'class': 'EntityNBFNet', 'hidden_dims': [64, 64, 64, 64, 64, 64], 'input_dim': 64, 'layer_norm': True, 'message_func': 'distmult', 'short_cut': True}","{'aggregate_func': 'sum', 'class': 'RelNBFNet', 'hidden_dims': [64, 64, 64, 64, 64, 64], 'input_dim': 64, 'layer_norm': True, 'message_func': 'distmult', 'short_cut': True}",AdamW,0.0005,~/git/ULTRA/output,1,"['mr', 'mrr', 'hits@1', 'hits@3', 'hits@10', 'hits@10_50']",InductiveInference,256,True,,16,"[0, 1]",100,0,9091.21,0.0355345,0.0215368,0.0360432,0.056367,0.697224,9147.28,0.0417639,0.0256304,0.0426921,0.0682848,0.692858
5,1,1,1,1,simple_rdf_prop,ULTRA/ckpts/ultra_4g.pth,NarrativeInductiveDataset,~/git/ULTRA/kg-datasets/,kg_base_prop_1_subevent_1_role_1_causation_1_syntax_simple_rdf_prop,Ultra,"{'aggregate_func': 'sum', 'class': 'EntityNBFNet', 'hidden_dims': [64, 64, 64, 64, 64, 64], 'input_dim': 64, 'layer_norm': True, 'message_func': 'distmult', 'short_cut': True}","{'aggregate_func': 'sum', 'class': 'RelNBFNet', 'hidden_dims': [64, 64, 64, 64, 64, 64], 'input_dim': 64, 'layer_norm': True, 'message_func': 'distmult', 'short_cut': True}",AdamW,0.0005,~/git/ULTRA/output,1,"['mr', 'mrr', 'hits@1', 'hits@3', 'hits@10', 'hits@10_50']",InductiveInference,256,True,,16,"[0, 1]",100,0,20482.2,0.0353966,0.0232673,0.0377039,0.0546271,0.700243,20261.5,0.0406181,0.0271871,0.0437171,0.0625759,0.703876
6,0,0,0,1,simple_rdf_reification,ULTRA/ckpts/ultra_4g.pth,NarrativeInductiveDataset,~/git/ULTRA/kg-datasets/,kg_base_prop_0_subevent_0_role_0_causation_1_syntax_simple_rdf_reification,Ultra,"{'aggregate_func': 'sum', 'class': 'EntityNBFNet', 'hidden_dims': [64, 64, 64, 64, 64, 64], 'input_dim': 64, 'layer_norm': True, 'message_func': 'distmult', 'short_cut': True}","{'aggregate_func': 'sum', 'class': 'RelNBFNet', 'hidden_dims': [64, 64, 64, 64, 64, 64], 'input_dim': 64, 'layer_norm': True, 'message_func': 'distmult', 'short_cut': True}",AdamW,0.0005,~/git/ULTRA/output,1,"['mr', 'mrr', 'hits@1', 'hits@3', 'hits@10', 'hits@10_50']",InductiveInference,256,True,,16,"[0, 1]",100,0,147.408,0.224698,0.195423,0.223592,0.283451,0.699997,147.628,0.227959,0.189922,0.244186,0.277132,0.692843
7,0,1,0,1,simple_rdf_reification,ULTRA/ckpts/ultra_4g.pth,NarrativeInductiveDataset,~/git/ULTRA/kg-datasets/,kg_base_prop_0_subevent_1_role_0_causation_1_syntax_simple_rdf_reification,Ultra,"{'aggregate_func': 'sum', 'class': 'EntityNBFNet', 'hidden_dims': [64, 64, 64, 64, 64, 64], 'input_dim': 64, 'layer_norm': True, 'message_func': 'distmult', 'short_cut': True}","{'aggregate_func': 'sum', 'class': 'RelNBFNet', 'hidden_dims': [64, 64, 64, 64, 64, 64], 'input_dim': 64, 'layer_norm': True, 'message_func': 'distmult', 'short_cut': True}",AdamW,0.0005,~/git/ULTRA/output,1,"['mr', 'mrr', 'hits@1', 'hits@3', 'hits@10', 'hits@10_50']",InductiveInference,256,True,,16,"[0, 1]",100,0,591.325,0.248727,0.226424,0.246732,0.289916,0.603936,647.428,0.233209,0.212191,0.229938,0.272377,0.560919
8,1,0,0,1,simple_rdf_reification,ULTRA/ckpts/ultra_4g.pth,NarrativeInductiveDataset,~/git/ULTRA/kg-datasets/,kg_base_prop_1_subevent_0_role_0_causation_1_syntax_simple_rdf_reification,Ultra,"{'aggregate_func': 'sum', 'class': 'EntityNBFNet', 'hidden_dims': [64, 64, 64, 64, 64, 64], 'input_dim': 64, 'layer_norm': True, 'message_func': 'distmult', 'short_cut': True}","{'aggregate_func': 'sum', 'class': 'RelNBFNet', 'hidden_dims': [64, 64, 64, 64, 64, 64], 'input_dim': 64, 'layer_norm': True, 'message_func': 'distmult', 'short_cut': True}",AdamW,0.0005,~/git/ULTRA/output,1,"['mr', 'mrr', 'hits@1', 'hits@3', 'hits@10', 'hits@10_50']",InductiveInference,256,True,,16,"[0, 1]",100,0,177.037,0.33694,0.315141,0.336268,0.375,0.906631,175.112,0.284651,0.263566,0.286822,0.317829,0.911925
9,1,0,1,1,simple_rdf_reification,ULTRA/ckpts/ultra_4g.pth,NarrativeInductiveDataset,~/git/ULTRA/kg-datasets/,kg_base_prop_1_subevent_0_role_1_causation_1_syntax_simple_rdf_reification,Ultra,"{'aggregate_func': 'sum', 'class': 'EntityNBFNet', 'hidden_dims': [64, 64, 64, 64, 64, 64], 'input_dim': 64, 'layer_norm': True, 'message_func': 'distmult', 'short_cut': True}","{'aggregate_func': 'sum', 'class': 'RelNBFNet', 'hidden_dims': [64, 64, 64, 64, 64, 64], 'input_dim': 64, 'layer_norm': True, 'message_func': 'distmult', 'short_cut': True}",AdamW,0.0005,~/git/ULTRA/output,1,"['mr', 'mrr', 'hits@1', 'hits@3', 'hits@10', 'hits@10_50']",InductiveInference,256,True,,16,"[0, 1]",100,0,47948.2,0.247782,0.235872,0.249441,0.27024,0.550583,47024.9,0.249777,0.237946,0.251346,0.271527,0.558906
10,1,1,1,0,simple_rdf_sp,ULTRA/ckpts/ultra_4g.pth,NarrativeInductiveDataset,~/git/ULTRA/kg-datasets/,kg_base_prop_1_subevent_1_role_1_causation_0_syntax_simple_rdf_sp,Ultra,"{'aggregate_func': 'sum', 'class': 'EntityNBFNet', 'hidden_dims': [64, 64, 64, 64, 64, 64], 'input_dim': 64, 'layer_norm': True, 'message_func': 'distmult', 'short_cut': True}","{'aggregate_func': 'sum', 'class': 'RelNBFNet', 'hidden_dims': [64, 64, 64, 64, 64, 64], 'input_dim': 64, 'layer_norm': True, 'message_func': 'distmult', 'short_cut': True}",AdamW,0.0005,~/git/ULTRA/output,1,"['mr', 'mrr', 'hits@1', 'hits@3', 'hits@10', 'hits@10_50']",InductiveInference,256,True,,16,"[0, 1]",100,0,20370.5,0.0352501,0.0228219,0.0376425,0.0548361,0.698322,20063.2,0.039736,0.0266473,0.0420492,0.0604855,0.704093
11,0,0,1,1,simple_rdf_sp,ULTRA/ckpts/ultra_4g.pth,NarrativeInductiveDataset,~/git/ULTRA/kg-datasets/,kg_base_prop_0_subevent_0_role_1_causation_1_syntax_simple_rdf_sp,Ultra,"{'aggregate_func': 'sum', 'class': 'EntityNBFNet', 'hidden_dims': [64, 64, 64, 64, 64, 64], 'input_dim': 64, 'layer_norm': True, 'message_func': 'distmult', 'short_cut': True}","{'aggregate_func': 'sum', 'class': 'RelNBFNet', 'hidden_dims': [64, 64, 64, 64, 64, 64], 'input_dim': 64, 'layer_norm': True, 'message_func': 'distmult', 'short_cut': True}",AdamW,0.0005,~/git/ULTRA/output,1,"['mr', 'mrr', 'hits@1', 'hits@3', 'hits@10', 'hits@10_50']",InductiveInference,256,True,,16,"[0, 1]",100,0,3883.16,0.0480797,0.0278604,0.0451718,0.0837841,0.678409,3913.77,0.0484178,0.0259085,0.0493775,0.0844549,0.67585
12,0,0,1,1,simple_rdf_prop,ULTRA/ckpts/ultra_4g.pth,NarrativeInductiveDataset,~/git/ULTRA/kg-datasets/,kg_base_prop_0_subevent_0_role_1_causation_1_syntax_simple_rdf_prop,Ultra,"{'aggregate_func': 'sum', 'class': 'EntityNBFNet', 'hidden_dims': [64, 64, 64, 64, 64, 64], 'input_dim': 64, 'layer_norm': True, 'message_func': 'distmult', 'short_cut': True}","{'aggregate_func': 'sum', 'class': 'RelNBFNet', 'hidden_dims': [64, 64, 64, 64, 64, 64], 'input_dim': 64, 'layer_norm': True, 'message_func': 'distmult', 'short_cut': True}",AdamW,0.0005,~/git/ULTRA/output,1,"['mr', 'mrr', 'hits@1', 'hits@3', 'hits@10', 'hits@10_50']",InductiveInference,256,True,,16,"[0, 1]",100,0,3906.49,0.0481659,0.0282214,0.0450054,0.0835138,0.676004,3927.01,0.0482852,0.0259347,0.0494274,0.084456,0.674937
13,0,0,1,1,simple_rdf_reification,ULTRA/ckpts/ultra_4g.pth,NarrativeInductiveDataset,~/git/ULTRA/kg-datasets/,kg_base_prop_0_subevent_0_role_1_causation_1_syntax_simple_rdf_reification,Ultra,"{'aggregate_func': 'sum', 'class': 'EntityNBFNet', 'hidden_dims': [64, 64, 64, 64, 64, 64], 'input_dim': 64, 'layer_norm': True, 'message_func': 'distmult', 'short_cut': True}","{'aggregate_func': 'sum', 'class': 'RelNBFNet', 'hidden_dims': [64, 64, 64, 64, 64, 64], 'input_dim': 64, 'layer_norm': True, 'message_func': 'distmult', 'short_cut': True}",AdamW,0.0005,~/git/ULTRA/output,1,"['mr', 'mrr', 'hits@1', 'hits@3', 'hits@10', 'hits@10_50']",InductiveInference,256,True,,16,"[0, 1]",100,0,9940.81,0.137557,0.116772,0.132663,0.161911,0.521075,9681.66,0.13484,0.114018,0.130121,0.158097,0.532316
14,1,1,0,0,simple_rdf_prop,ULTRA/ckpts/ultra_4g.pth,NarrativeInductiveDataset,~/git/ULTRA/kg-datasets/,kg_base_prop_1_subevent_1_role_0_causation_0_syntax_simple_rdf_prop,Ultra,"{'aggregate_func': 'sum', 'class': 'EntityNBFNet', 'hidden_dims': [64, 64, 64, 64, 64, 64], 'input_dim': 64, 'layer_norm': True, 'message_func': 'distmult', 'short_cut': True}","{'aggregate_func': 'sum', 'class': 'RelNBFNet', 'hidden_dims': [64, 64, 64, 64, 64, 64], 'input_dim': 64, 'layer_norm': True, 'message_func': 'distmult', 'short_cut': True}",AdamW,0.0005,~/git/ULTRA/output,1,"['mr', 'mrr', 'hits@1', 'hits@3', 'hits@10', 'hits@10_50']",InductiveInference,256,True,,16,"[0, 1]",100,0,24.2807,0.87618,0.837719,0.910088,0.932018,0.988661,108.875,0.610833,0.555,0.655,0.7,0.963919
15,0,1,1,0,simple_rdf_reification,ULTRA/ckpts/ultra_4g.pth,NarrativeInductiveDataset,~/git/ULTRA/kg-datasets/,kg_base_prop_0_subevent_1_role_1_causation_0_syntax_simple_rdf_reification,Ultra,"{'aggregate_func': 'sum', 'class': 'EntityNBFNet', 'hidden_dims': [64, 64, 64, 64, 64, 64], 'input_dim': 64, 'layer_norm': True, 'message_func': 'distmult', 'short_cut': True}","{'aggregate_func': 'sum', 'class': 'RelNBFNet', 'hidden_dims': [64, 64, 64, 64, 64, 64], 'input_dim': 64, 'layer_norm': True, 'message_func': 'distmult', 'short_cut': True}",AdamW,0.0005,~/git/ULTRA/output,1,"['mr', 'mrr', 'hits@1', 'hits@3', 'hits@10', 'hits@10_50']",InductiveInference,256,True,,16,"[0, 1]",100,0,,,,,,,,,,,,
16,1,1,0,1,simple_rdf_prop,ULTRA/ckpts/ultra_4g.pth,NarrativeInductiveDataset,~/git/ULTRA/kg-datasets/,kg_base_prop_1_subevent_1_role_0_causation_1_syntax_simple_rdf_prop,Ultra,"{'aggregate_func': 'sum', 'class': 'EntityNBFNet', 'hidden_dims': [64, 64, 64, 64, 64, 64], 'input_dim': 64, 'layer_norm': True, 'message_func': 'distmult', 'short_cut': True}","{'aggregate_func': 'sum', 'class': 'RelNBFNet', 'hidden_dims': [64, 64, 64, 64, 64, 64], 'input_dim': 64, 'layer_norm': True, 'message_func': 'distmult', 'short_cut': True}",AdamW,0.0005,~/git/ULTRA/output,1,"['mr', 'mrr', 'hits@1', 'hits@3', 'hits@10', 'hits@10_50']",InductiveInference,256,True,,16,"[0, 1]",100,0,307.15,0.469926,0.435556,0.485556,0.523333,0.930878,377.591,0.293882,0.258696,0.297826,0.365217,0.903353
17,0,1,0,0,simple_rdf_prop,ULTRA/ckpts/ultra_4g.pth,NarrativeInductiveDataset,~/git/ULTRA/kg-datasets/,kg_base_prop_0_subevent_1_role_0_causation_0_syntax_simple_rdf_prop,Ultra,"{'aggregate_func': 'sum', 'class': 'EntityNBFNet', 'hidden_dims': [64, 64, 64, 64, 64, 64], 'input_dim': 64, 'layer_norm': True, 'message_func': 'distmult', 'short_cut': True}","{'aggregate_func': 'sum', 'class': 'RelNBFNet', 'hidden_dims': [64, 64, 64, 64, 64, 64], 'input_dim': 64, 'layer_norm': True, 'message_func': 'distmult', 'short_cut': True}",AdamW,0.0005,~/git/ULTRA/output,1,"['mr', 'mrr', 'hits@1', 'hits@3', 'hits@10', 'hits@10_50']",InductiveInference,256,True,,16,"[0, 1]",100,0,230.423,0.115839,0.0635965,0.105263,0.234649,0.529851,185.464,0.169251,0.122449,0.153061,0.290816,0.598415
18,0,1,1,1,simple_rdf_prop,ULTRA/ckpts/ultra_4g.pth,NarrativeInductiveDataset,~/git/ULTRA/kg-datasets/,kg_base_prop_0_subevent_1_role_1_causation_1_syntax_simple_rdf_prop,Ultra,"{'aggregate_func': 'sum', 'class': 'EntityNBFNet', 'hidden_dims': [64, 64, 64, 64, 64, 64], 'input_dim': 64, 'layer_norm': True, 'message_func': 'distmult', 'short_cut': True}","{'aggregate_func': 'sum', 'class': 'RelNBFNet', 'hidden_dims': [64, 64, 64, 64, 64, 64], 'input_dim': 64, 'layer_norm': True, 'message_func': 'distmult', 'short_cut': True}",AdamW,0.0005,~/git/ULTRA/output,1,"['mr', 'mrr', 'hits@1', 'hits@3', 'hits@10', 'hits@10_50']",InductiveInference,256,True,,16,"[0, 1]",100,0,9213.27,0.0352747,0.021123,0.0356129,0.0569317,0.698649,9268.41,0.0423361,0.0256573,0.0443681,0.0701001,0.695058
19,1,1,0,1,simple_rdf_sp,ULTRA/ckpts/ultra_4g.pth,NarrativeInductiveDataset,~/git/ULTRA/kg-datasets/,kg_base_prop_1_subevent_1_role_0_causation_1_syntax_simple_rdf_sp,Ultra,"{'aggregate_func': 'sum', 'class': 'EntityNBFNet', 'hidden_dims': [64, 64, 64, 64, 64, 64], 'input_dim': 64, 'layer_norm': True, 'message_func': 'distmult', 'short_cut': True}","{'aggregate_func': 'sum', 'class': 'RelNBFNet', 'hidden_dims': [64, 64, 64, 64, 64, 64], 'input_dim': 64, 'layer_norm': True, 'message_func': 'distmult', 'short_cut': True}",AdamW,0.0005,~/git/ULTRA/output,1,"['mr', 'mrr', 'hits@1', 'hits@3', 'hits@10', 'hits@10_50']",InductiveInference,256,True,,16,"[0, 1]",100,0,310.262,0.460303,0.425439,0.471491,0.517544,0.927949,443.079,0.284608,0.252137,0.284188,0.344017,0.886088
20,1,0,1,0,simple_rdf_sp,ULTRA/ckpts/ultra_4g.pth,NarrativeInductiveDataset,~/git/ULTRA/kg-datasets/,kg_base_prop_1_subevent_0_role_1_causation_0_syntax_simple_rdf_sp,Ultra,"{'aggregate_func': 'sum', 'class': 'EntityNBFNet', 'hidden_dims': [64, 64, 64, 64, 64, 64], 'input_dim': 64, 'layer_norm': True, 'message_func': 'distmult', 'short_cut': True}","{'aggregate_func': 'sum', 'class': 'RelNBFNet', 'hidden_dims': [64, 64, 64, 64, 64, 64], 'input_dim': 64, 'layer_norm': True, 'message_func': 'distmult', 'short_cut': True}",AdamW,0.0005,~/git/ULTRA/output,1,"['mr', 'mrr', 'hits@1', 'hits@3', 'hits@10', 'hits@10_50']",InductiveInference,256,True,,16,"[0, 1]",100,0,9536.84,0.0422511,0.0271087,0.0434689,0.0649875,0.693519,9449.42,0.0447942,0.0286905,0.0470002,0.0698055,0.695769
21,1,0,0,0,simple_rdf_prop,ULTRA/ckpts/ultra_4g.pth,NarrativeInductiveDataset,~/git/ULTRA/kg-datasets/,kg_base_prop_1_subevent_0_role_0_causation_0_syntax_simple_rdf_prop,Ultra,"{'aggregate_func': 'sum', 'class': 'EntityNBFNet', 'hidden_dims': [64, 64, 64, 64, 64, 64], 'input_dim': 64, 'layer_norm': True, 'message_func': 'distmult', 'short_cut': True}","{'aggregate_func': 'sum', 'class': 'RelNBFNet', 'hidden_dims': [64, 64, 64, 64, 64, 64], 'input_dim': 64, 'layer_norm': True, 'message_func': 'distmult', 'short_cut': True}",AdamW,0.0005,~/git/ULTRA/output,1,"['mr', 'mrr', 'hits@1', 'hits@3', 'hits@10', 'hits@10_50']",InductiveInference,256,True,,16,"[0, 1]",100,0,15.2717,0.893531,0.891304,0.891304,0.891304,0.985141,25.3833,0.615373,0.6,0.6,0.65,0.986842
22,0,0,0,1,simple_rdf_prop,ULTRA/ckpts/ultra_4g.pth,NarrativeInductiveDataset,~/git/ULTRA/kg-datasets/,kg_base_prop_0_subevent_0_role_0_causation_1_syntax_simple_rdf_prop,Ultra,"{'aggregate_func': 'sum', 'class': 'EntityNBFNet', 'hidden_dims': [64, 64, 64, 64, 64, 64], 'input_dim': 64, 'layer_norm': True, 'message_func': 'distmult', 'short_cut': True}","{'aggregate_func': 'sum', 'class': 'RelNBFNet', 'hidden_dims': [64, 64, 64, 64, 64, 64], 'input_dim': 64, 'layer_norm': True, 'message_func': 'distmult', 'short_cut': True}",AdamW,0.0005,~/git/ULTRA/output,1,"['mr', 'mrr', 'hits@1', 'hits@3', 'hits@10', 'hits@10_50']",InductiveInference,256,True,,16,"[0, 1]",100,0,154.688,0.118609,0.0698529,0.110294,0.231618,0.701083,144.069,0.0834735,0.0172414,0.103448,0.176724,0.683511
23,1,1,1,0,simple_rdf_prop,ULTRA/ckpts/ultra_4g.pth,NarrativeInductiveDataset,~/git/ULTRA/kg-datasets/,kg_base_prop_1_subevent_1_role_1_causation_0_syntax_simple_rdf_prop,Ultra,"{'aggregate_func': 'sum', 'class': 'EntityNBFNet', 'hidden_dims': [64, 64, 64, 64, 64, 64], 'input_dim': 64, 'layer_norm': True, 'message_func': 'distmult', 'short_cut': True}","{'aggregate_func': 'sum', 'class': 'RelNBFNet', 'hidden_dims': [64, 64, 64, 64, 64, 64], 'input_dim': 64, 'layer_norm': True, 'message_func': 'distmult', 'short_cut': True}",AdamW,0.0005,~/git/ULTRA/output,1,"['mr', 'mrr', 'hits@1', 'hits@3', 'hits@10', 'hits@10_50']",InductiveInference,256,True,,16,"[0, 1]",100,0,20402.7,0.0354171,0.0230705,0.0379716,0.0547782,0.698343,20094.8,0.0396992,0.0268003,0.0421767,0.0603835,0.704056
24,0,0,1,0,simple_rdf_prop,ULTRA/ckpts/ultra_4g.pth,NarrativeInductiveDataset,~/git/ULTRA/kg-datasets/,kg_base_prop_0_subevent_0_role_1_causation_0_syntax_simple_rdf_prop,Ultra,"{'aggregate_func': 'sum', 'class': 'EntityNBFNet', 'hidden_dims': [64, 64, 64, 64, 64, 64], 'input_dim': 64, 'layer_norm': True, 'message_func': 'distmult', 'short_cut': True}","{'aggregate_func': 'sum', 'class': 'RelNBFNet', 'hidden_dims': [64, 64, 64, 64, 64, 64], 'input_dim': 64, 'layer_norm': True, 'message_func': 'distmult', 'short_cut': True}",AdamW,0.0005,~/git/ULTRA/output,1,"['mr', 'mrr', 'hits@1', 'hits@3', 'hits@10', 'hits@10_50']",InductiveInference,256,True,,16,"[0, 1]",100,0,3851.11,0.0488475,0.0293714,0.046459,0.0804968,0.673392,3820.95,0.0487823,0.0275214,0.0480342,0.0841026,0.675119
25,1,1,0,1,simple_rdf_reification,ULTRA/ckpts/ultra_4g.pth,NarrativeInductiveDataset,~/git/ULTRA/kg-datasets/,kg_base_prop_1_subevent_1_role_0_causation_1_syntax_simple_rdf_reification,Ultra,"{'aggregate_func': 'sum', 'class': 'EntityNBFNet', 'hidden_dims': [64, 64, 64, 64, 64, 64], 'input_dim': 64, 'layer_norm': True, 'message_func': 'distmult', 'short_cut': True}","{'aggregate_func': 'sum', 'class': 'RelNBFNet', 'hidden_dims': [64, 64, 64, 64, 64, 64], 'input_dim': 64, 'layer_norm': True, 'message_func': 'distmult', 'short_cut': True}",AdamW,0.0005,~/git/ULTRA/output,1,"['mr', 'mrr', 'hits@1', 'hits@3', 'hits@10', 'hits@10_50']",InductiveInference,256,True,,16,"[0, 1]",100,0,543.895,0.329624,0.309991,0.330766,0.364846,0.815017,593.21,0.301098,0.280093,0.304784,0.341049,0.810132
26,1,0,1,1,simple_rdf_prop,ULTRA/ckpts/ultra_4g.pth,NarrativeInductiveDataset,~/git/ULTRA/kg-datasets/,kg_base_prop_1_subevent_0_role_1_causation_1_syntax_simple_rdf_prop,Ultra,"{'aggregate_func': 'sum', 'class': 'EntityNBFNet', 'hidden_dims': [64, 64, 64, 64, 64, 64], 'input_dim': 64, 'layer_norm': True, 'message_func': 'distmult', 'short_cut': True}","{'aggregate_func': 'sum', 'class': 'RelNBFNet', 'hidden_dims': [64, 64, 64, 64, 64, 64], 'input_dim': 64, 'layer_norm': True, 'message_func': 'distmult', 'short_cut': True}",AdamW,0.0005,~/git/ULTRA/output,1,"['mr', 'mrr', 'hits@1', 'hits@3', 'hits@10', 'hits@10_50']",InductiveInference,256,True,,16,"[0, 1]",100,0,9625.42,0.0418125,0.0268487,0.0424119,0.0633276,0.693185,9505.14,0.0484517,0.0317776,0.0506899,0.0763393,0.698135
27,0,1,0,1,simple_rdf_sp,ULTRA/ckpts/ultra_4g.pth,NarrativeInductiveDataset,~/git/ULTRA/kg-datasets/,kg_base_prop_0_subevent_1_role_0_causation_1_syntax_simple_rdf_sp,Ultra,"{'aggregate_func': 'sum', 'class': 'EntityNBFNet', 'hidden_dims': [64, 64, 64, 64, 64, 64], 'input_dim': 64, 'layer_norm': True, 'message_func': 'distmult', 'short_cut': True}","{'aggregate_func': 'sum', 'class': 'RelNBFNet', 'hidden_dims': [64, 64, 64, 64, 64, 64], 'input_dim': 64, 'layer_norm': True, 'message_func': 'distmult', 'short_cut': True}",AdamW,0.0005,~/git/ULTRA/output,1,"['mr', 'mrr', 'hits@1', 'hits@3', 'hits@10', 'hits@10_50']",InductiveInference,256,True,,16,"[0, 1]",100,0,351.624,0.0815149,0.0361842,0.0756579,0.173246,0.588522,335.346,0.102173,0.0662393,0.0897436,0.155983,0.63876
28,0,0,0,0,simple_rdf_prop,ULTRA/ckpts/ultra_4g.pth,NarrativeInductiveDataset,~/git/ULTRA/kg-datasets/,kg_base_prop_0_subevent_0_role_0_causation_0_syntax_simple_rdf_prop,Ultra,"{'aggregate_func': 'sum', 'class': 'EntityNBFNet', 'hidden_dims': [64, 64, 64, 64, 64, 64], 'input_dim': 64, 'layer_norm': True, 'message_func': 'distmult', 'short_cut': True}","{'aggregate_func': 'sum', 'class': 'RelNBFNet', 'hidden_dims': [64, 64, 64, 64, 64, 64], 'input_dim': 64, 'layer_norm': True, 'message_func': 'distmult', 'short_cut': True}",AdamW,0.0005,~/git/ULTRA/output,1,"['mr', 'mrr', 'hits@1', 'hits@3', 'hits@10', 'hits@10_50']",InductiveInference,256,True,,16,"[0, 1]",100,0,51.1304,0.182745,0.130435,0.173913,0.326087,0.544665,43.3167,0.135649,0.0,0.2,0.333333,0.537038
29,1,0,1,0,simple_rdf_prop,ULTRA/ckpts/ultra_4g.pth,NarrativeInductiveDataset,~/git/ULTRA/kg-datasets/,kg_base_prop_1_subevent_0_role_1_causation_0_syntax_simple_rdf_prop,Ultra,"{'aggregate_func': 'sum', 'class': 'EntityNBFNet', 'hidden_dims': [64, 64, 64, 64, 64, 64], 'input_dim': 64, 'layer_norm': True, 'message_func': 'distmult', 'short_cut': True}","{'aggregate_func': 'sum', 'class': 'RelNBFNet', 'hidden_dims': [64, 64, 64, 64, 64, 64], 'input_dim': 64, 'layer_norm': True, 'message_func': 'distmult', 'short_cut': True}",AdamW,0.0005,~/git/ULTRA/output,1,"['mr', 'mrr', 'hits@1', 'hits@3', 'hits@10', 'hits@10_50']",InductiveInference,256,True,,16,"[0, 1]",100,0,9553.71,0.0421571,0.0270941,0.042962,0.0651123,0.693027,9459.63,0.0448634,0.0287408,0.0470155,0.0697874,0.695655
30,0,0,1,0,simple_rdf_sp,ULTRA/ckpts/ultra_4g.pth,NarrativeInductiveDataset,~/git/ULTRA/kg-datasets/,kg_base_prop_0_subevent_0_role_1_causation_0_syntax_simple_rdf_sp,Ultra,"{'aggregate_func': 'sum', 'class': 'EntityNBFNet', 'hidden_dims': [64, 64, 64, 64, 64, 64], 'input_dim': 64, 'layer_norm': True, 'message_func': 'distmult', 'short_cut': True}","{'aggregate_func': 'sum', 'class': 'RelNBFNet', 'hidden_dims': [64, 64, 64, 64, 64, 64], 'input_dim': 64, 'layer_norm': True, 'message_func': 'distmult', 'short_cut': True}",AdamW,0.0005,~/git/ULTRA/output,1,"['mr', 'mrr', 'hits@1', 'hits@3', 'hits@10', 'hits@10_50']",InductiveInference,256,True,,16,"[0, 1]",100,0,3835.69,0.0490189,0.0294158,0.0469693,0.0818705,0.675469,3808.72,0.0489884,0.027588,0.0480868,0.0847284,0.676378
31,1,0,1,1,simple_rdf_sp,ULTRA/ckpts/ultra_4g.pth,NarrativeInductiveDataset,~/git/ULTRA/kg-datasets/,kg_base_prop_1_subevent_0_role_1_causation_1_syntax_simple_rdf_sp,Ultra,"{'aggregate_func': 'sum', 'class': 'EntityNBFNet', 'hidden_dims': [64, 64, 64, 64, 64, 64], 'input_dim': 64, 'layer_norm': True, 'message_func': 'distmult', 'short_cut': True}","{'aggregate_func': 'sum', 'class': 'RelNBFNet', 'hidden_dims': [64, 64, 64, 64, 64, 64], 'input_dim': 64, 'layer_norm': True, 'message_func': 'distmult', 'short_cut': True}",AdamW,0.0005,~/git/ULTRA/output,1,"['mr', 'mrr', 'hits@1', 'hits@3', 'hits@10', 'hits@10_50']",InductiveInference,256,True,,16,"[0, 1]",100,0,9606.72,0.0419898,0.0269492,0.0425299,0.0643213,0.693766,9488.63,0.0483455,0.0313616,0.0505923,0.0765985,0.69854
32,1,1,1,0,simple_rdf_reification,ULTRA/ckpts/ultra_4g.pth,NarrativeInductiveDataset,~/git/ULTRA/kg-datasets/,kg_base_prop_1_subevent_1_role_1_causation_0_syntax_simple_rdf_reification,Ultra,"{'aggregate_func': 'sum', 'class': 'EntityNBFNet', 'hidden_dims': [64, 64, 64, 64, 64, 64], 'input_dim': 64, 'layer_norm': True, 'message_func': 'distmult', 'short_cut': True}","{'aggregate_func': 'sum', 'class': 'RelNBFNet', 'hidden_dims': [64, 64, 64, 64, 64, 64], 'input_dim': 64, 'layer_norm': True, 'message_func': 'distmult', 'short_cut': True}",AdamW,0.0005,~/git/ULTRA/output,1,"['mr', 'mrr', 'hits@1', 'hits@3', 'hits@10', 'hits@10_50']",InductiveInference,256,True,,16,"[0, 1]",100,0,,,,,,,,,,,,
33,0,1,1,1,simple_rdf_reification,ULTRA/ckpts/ultra_4g.pth,NarrativeInductiveDataset,~/git/ULTRA/kg-datasets/,kg_base_prop_0_subevent_1_role_1_causation_1_syntax_simple_rdf_reification,Ultra,"{'aggregate_func': 'sum', 'class': 'EntityNBFNet', 'hidden_dims': [64, 64, 64, 64, 64, 64], 'input_dim': 64, 'layer_norm': True, 'message_func': 'distmult', 'short_cut': True}","{'aggregate_func': 'sum', 'class': 'RelNBFNet', 'hidden_dims': [64, 64, 64, 64, 64, 64], 'input_dim': 64, 'layer_norm': True, 'message_func': 'distmult', 'short_cut': True}",AdamW,0.0005,~/git/ULTRA/output,1,"['mr', 'mrr', 'hits@1', 'hits@3', 'hits@10', 'hits@10_50']",InductiveInference,256,True,,16,"[0, 1]",100,0,,,,,,,,,,,,
34,0,1,1,0,simple_rdf_sp,ULTRA/ckpts/ultra_4g.pth,NarrativeInductiveDataset,~/git/ULTRA/kg-datasets/,kg_base_prop_0_subevent_1_role_1_causation_0_syntax_simple_rdf_sp,Ultra,"{'aggregate_func': 'sum', 'class': 'EntityNBFNet', 'hidden_dims': [64, 64, 64, 64, 64, 64], 'input_dim': 64, 'layer_norm': True, 'message_func': 'distmult', 'short_cut': True}","{'aggregate_func': 'sum', 'class': 'RelNBFNet', 'hidden_dims': [64, 64, 64, 64, 64, 64], 'input_dim': 64, 'layer_norm': True, 'message_func': 'distmult', 'short_cut': True}",AdamW,0.0005,~/git/ULTRA/output,1,"['mr', 'mrr', 'hits@1', 'hits@3', 'hits@10', 'hits@10_50']",InductiveInference,256,True,,16,"[0, 1]",100,0,9070.85,0.0356956,0.0216315,0.0360113,0.0566528,0.697443,9105.15,0.0417691,0.0255472,0.042566,0.0684906,0.693749
35,1,1,1,1,simple_rdf_reification,ULTRA/ckpts/ultra_4g.pth,NarrativeInductiveDataset,~/git/ULTRA/kg-datasets/,kg_base_prop_1_subevent_1_role_1_causation_1_syntax_simple_rdf_reification,Ultra,"{'aggregate_func': 'sum', 'class': 'EntityNBFNet', 'hidden_dims': [64, 64, 64, 64, 64, 64], 'input_dim': 64, 'layer_norm': True, 'message_func': 'distmult', 'short_cut': True}","{'aggregate_func': 'sum', 'class': 'RelNBFNet', 'hidden_dims': [64, 64, 64, 64, 64, 64], 'input_dim': 64, 'layer_norm': True, 'message_func': 'distmult', 'short_cut': True}",AdamW,0.0005,~/git/ULTRA/output,1,"['mr', 'mrr', 'hits@1', 'hits@3', 'hits@10', 'hits@10_50']",InductiveInference,256,True,,16,"[0, 1]",100,0,,,,,,,,,,,,
36,0,1,0,1,simple_rdf_prop,ULTRA/ckpts/ultra_4g.pth,NarrativeInductiveDataset,~/git/ULTRA/kg-datasets/,kg_base_prop_0_subevent_1_role_0_causation_1_syntax_simple_rdf_prop,Ultra,"{'aggregate_func': 'sum', 'class': 'EntityNBFNet', 'hidden_dims': [64, 64, 64, 64, 64, 64], 'input_dim': 64, 'layer_norm': True, 'message_func': 'distmult', 'short_cut': True}","{'aggregate_func': 'sum', 'class': 'RelNBFNet', 'hidden_dims': [64, 64, 64, 64, 64, 64], 'input_dim': 64, 'layer_norm': True, 'message_func': 'distmult', 'short_cut': True}",AdamW,0.0005,~/git/ULTRA/output,1,"['mr', 'mrr', 'hits@1', 'hits@3', 'hits@10', 'hits@10_50']",InductiveInference,256,True,,16,"[0, 1]",100,0,280.159,0.082196,0.0366667,0.0744444,0.176667,0.727157,278.362,0.104889,0.0679825,0.0986842,0.160088,0.747518
37,1,0,1,0,simple_rdf_reification,ULTRA/ckpts/ultra_4g.pth,NarrativeInductiveDataset,~/git/ULTRA/kg-datasets/,kg_base_prop_1_subevent_0_role_1_causation_0_syntax_simple_rdf_reification,Ultra,"{'aggregate_func': 'sum', 'class': 'EntityNBFNet', 'hidden_dims': [64, 64, 64, 64, 64, 64], 'input_dim': 64, 'layer_norm': True, 'message_func': 'distmult', 'short_cut': True}","{'aggregate_func': 'sum', 'class': 'RelNBFNet', 'hidden_dims': [64, 64, 64, 64, 64, 64], 'input_dim': 64, 'layer_norm': True, 'message_func': 'distmult', 'short_cut': True}",AdamW,0.0005,~/git/ULTRA/output,1,"['mr', 'mrr', 'hits@1', 'hits@3', 'hits@10', 'hits@10_50']",InductiveInference,256,True,,16,"[0, 1]",100,0,48144.0,0.247147,0.235308,0.248341,0.270155,0.544484,47281.9,0.249337,0.237728,0.250856,0.270558,0.553199
38,0,0,0,1,simple_rdf_sp,ULTRA/ckpts/ultra_4g.pth,NarrativeInductiveDataset,~/git/ULTRA/kg-datasets/,kg_base_prop_0_subevent_0_role_0_causation_1_syntax_simple_rdf_sp,Ultra,"{'aggregate_func': 'sum', 'class': 'EntityNBFNet', 'hidden_dims': [64, 64, 64, 64, 64, 64], 'input_dim': 64, 'layer_norm': True, 'message_func': 'distmult', 'short_cut': True}","{'aggregate_func': 'sum', 'class': 'RelNBFNet', 'hidden_dims': [64, 64, 64, 64, 64, 64], 'input_dim': 64, 'layer_norm': True, 'message_func': 'distmult', 'short_cut': True}",AdamW,0.0005,~/git/ULTRA/output,1,"['mr', 'mrr', 'hits@1', 'hits@3', 'hits@10', 'hits@10_50']",InductiveInference,256,True,,16,"[0, 1]",100,0,177.806,0.113162,0.0694444,0.111111,0.208333,0.613268,168.754,0.078686,0.0166667,0.0958333,0.175,0.600506
39,1,0,0,1,simple_rdf_prop,ULTRA/ckpts/ultra_4g.pth,NarrativeInductiveDataset,~/git/ULTRA/kg-datasets/,kg_base_prop_1_subevent_0_role_0_causation_1_syntax_simple_rdf_prop,Ultra,"{'aggregate_func': 'sum', 'class': 'EntityNBFNet', 'hidden_dims': [64, 64, 64, 64, 64, 64], 'input_dim': 64, 'layer_norm': True, 'message_func': 'distmult', 'short_cut': True}","{'aggregate_func': 'sum', 'class': 'RelNBFNet', 'hidden_dims': [64, 64, 64, 64, 64, 64], 'input_dim': 64, 'layer_norm': True, 'message_func': 'distmult', 'short_cut': True}",AdamW,0.0005,~/git/ULTRA/output,1,"['mr', 'mrr', 'hits@1', 'hits@3', 'hits@10', 'hits@10_50']",InductiveInference,256,True,,16,"[0, 1]",100,0,274.618,0.343828,0.316176,0.338235,0.397059,0.862037,208.517,0.215228,0.181034,0.211207,0.262931,0.894086
