,prop,subevent,role,causation,syntax,dataset_class,dataset_root,dataset_version,model_class,model_entity_model,model_relation_model,optimizer_class,optimizer_lr,output_dir,task_adversarial_temperature,task_metric,task_name,task_num_negative,task_strict_negative,train_batch_per_epoch,train_batch_size,train_gpus,train_log_interval,train_num_epoch,valid_mr,valid_mrr,valid_hits@1,valid_hits@3,valid_hits@10,valid_entropy,test_mr,test_mrr,test_hits@1,test_hits@3,test_hits@10
0,1,0,0,1,simple_rdf_sp,NarrativeInductiveDataset,~/git/ULTRA/kg-datasets/,kg_base_prop_1_subevent_0_role_0_causation_1_syntax_simple_rdf_sp,Ultra,"{'aggregate_func': 'sum', 'class': 'EntityNBFNet', 'hidden_dims': [64, 64, 64, 64, 64, 64], 'input_dim': 64, 'layer_norm': True, 'message_func': 'distmult', 'short_cut': True}","{'aggregate_func': 'sum', 'class': 'RelNBFNet', 'hidden_dims': [64, 64, 64, 64, 64, 64], 'input_dim': 64, 'layer_norm': True, 'message_func': 'distmult', 'short_cut': True}",AdamW,0.0005,~/git/ULTRA/output,1,"['mr', 'mrr', 'hits@1', 'hits@3', 'hits@10']",InductiveInference,256,True,2000,16,"[0, 1]",100,5,124.663,0.3715,0.340278,0.361111,0.395833,0.327146,135.433,0.219129,0.179167,0.2,0.283333
1,0,0,1,0,simple_rdf_reification,NarrativeInductiveDataset,~/git/ULTRA/kg-datasets/,kg_base_prop_0_subevent_0_role_1_causation_0_syntax_simple_rdf_reification,Ultra,"{'aggregate_func': 'sum', 'class': 'EntityNBFNet', 'hidden_dims': [64, 64, 64, 64, 64, 64], 'input_dim': 64, 'layer_norm': True, 'message_func': 'distmult', 'short_cut': True}","{'aggregate_func': 'sum', 'class': 'RelNBFNet', 'hidden_dims': [64, 64, 64, 64, 64, 64], 'input_dim': 64, 'layer_norm': True, 'message_func': 'distmult', 'short_cut': True}",AdamW,0.0005,~/git/ULTRA/output,1,"['mr', 'mrr', 'hits@1', 'hits@3', 'hits@10']",InductiveInference,256,True,2000,16,"[0, 1]",100,5,,,,,,,,,,,
2,0,1,1,1,simple_rdf_sp,NarrativeInductiveDataset,~/git/ULTRA/kg-datasets/,kg_base_prop_0_subevent_1_role_1_causation_1_syntax_simple_rdf_sp,Ultra,"{'aggregate_func': 'sum', 'class': 'EntityNBFNet', 'hidden_dims': [64, 64, 64, 64, 64, 64], 'input_dim': 64, 'layer_norm': True, 'message_func': 'distmult', 'short_cut': True}","{'aggregate_func': 'sum', 'class': 'RelNBFNet', 'hidden_dims': [64, 64, 64, 64, 64, 64], 'input_dim': 64, 'layer_norm': True, 'message_func': 'distmult', 'short_cut': True}",AdamW,0.0005,~/git/ULTRA/output,1,"['mr', 'mrr', 'hits@1', 'hits@3', 'hits@10']",InductiveInference,256,True,2000,16,"[0, 1]",100,5,,,,,,,,,,,
3,1,1,1,1,simple_rdf_sp,NarrativeInductiveDataset,~/git/ULTRA/kg-datasets/,kg_base_prop_1_subevent_1_role_1_causation_1_syntax_simple_rdf_sp,Ultra,"{'aggregate_func': 'sum', 'class': 'EntityNBFNet', 'hidden_dims': [64, 64, 64, 64, 64, 64], 'input_dim': 64, 'layer_norm': True, 'message_func': 'distmult', 'short_cut': True}","{'aggregate_func': 'sum', 'class': 'RelNBFNet', 'hidden_dims': [64, 64, 64, 64, 64, 64], 'input_dim': 64, 'layer_norm': True, 'message_func': 'distmult', 'short_cut': True}",AdamW,0.0005,~/git/ULTRA/output,1,"['mr', 'mrr', 'hits@1', 'hits@3', 'hits@10']",InductiveInference,256,True,2000,16,"[0, 1]",100,5,,,,,,,,,,,
4,0,1,1,0,simple_rdf_prop,NarrativeInductiveDataset,~/git/ULTRA/kg-datasets/,kg_base_prop_0_subevent_1_role_1_causation_0_syntax_simple_rdf_prop,Ultra,"{'aggregate_func': 'sum', 'class': 'EntityNBFNet', 'hidden_dims': [64, 64, 64, 64, 64, 64], 'input_dim': 64, 'layer_norm': True, 'message_func': 'distmult', 'short_cut': True}","{'aggregate_func': 'sum', 'class': 'RelNBFNet', 'hidden_dims': [64, 64, 64, 64, 64, 64], 'input_dim': 64, 'layer_norm': True, 'message_func': 'distmult', 'short_cut': True}",AdamW,0.0005,~/git/ULTRA/output,1,"['mr', 'mrr', 'hits@1', 'hits@3', 'hits@10']",InductiveInference,256,True,2000,16,"[0, 1]",100,5,,,,,,,,,,,
5,1,1,1,1,simple_rdf_prop,NarrativeInductiveDataset,~/git/ULTRA/kg-datasets/,kg_base_prop_1_subevent_1_role_1_causation_1_syntax_simple_rdf_prop,Ultra,"{'aggregate_func': 'sum', 'class': 'EntityNBFNet', 'hidden_dims': [64, 64, 64, 64, 64, 64], 'input_dim': 64, 'layer_norm': True, 'message_func': 'distmult', 'short_cut': True}","{'aggregate_func': 'sum', 'class': 'RelNBFNet', 'hidden_dims': [64, 64, 64, 64, 64, 64], 'input_dim': 64, 'layer_norm': True, 'message_func': 'distmult', 'short_cut': True}",AdamW,0.0005,~/git/ULTRA/output,1,"['mr', 'mrr', 'hits@1', 'hits@3', 'hits@10']",InductiveInference,256,True,2000,16,"[0, 1]",100,5,,,,,,,,,,,
6,0,0,0,1,simple_rdf_reification,NarrativeInductiveDataset,~/git/ULTRA/kg-datasets/,kg_base_prop_0_subevent_0_role_0_causation_1_syntax_simple_rdf_reification,Ultra,"{'aggregate_func': 'sum', 'class': 'EntityNBFNet', 'hidden_dims': [64, 64, 64, 64, 64, 64], 'input_dim': 64, 'layer_norm': True, 'message_func': 'distmult', 'short_cut': True}","{'aggregate_func': 'sum', 'class': 'RelNBFNet', 'hidden_dims': [64, 64, 64, 64, 64, 64], 'input_dim': 64, 'layer_norm': True, 'message_func': 'distmult', 'short_cut': True}",AdamW,0.0005,~/git/ULTRA/output,1,"['mr', 'mrr', 'hits@1', 'hits@3', 'hits@10']",InductiveInference,256,True,2000,16,"[0, 1]",100,5,78.3415,0.191618,0.169014,0.176056,0.211268,0.282361,83.812,0.203871,0.178295,0.189922,0.236434
7,0,1,0,1,simple_rdf_reification,NarrativeInductiveDataset,~/git/ULTRA/kg-datasets/,kg_base_prop_0_subevent_1_role_0_causation_1_syntax_simple_rdf_reification,Ultra,"{'aggregate_func': 'sum', 'class': 'EntityNBFNet', 'hidden_dims': [64, 64, 64, 64, 64, 64], 'input_dim': 64, 'layer_norm': True, 'message_func': 'distmult', 'short_cut': True}","{'aggregate_func': 'sum', 'class': 'RelNBFNet', 'hidden_dims': [64, 64, 64, 64, 64, 64], 'input_dim': 64, 'layer_norm': True, 'message_func': 'distmult', 'short_cut': True}",AdamW,0.0005,~/git/ULTRA/output,1,"['mr', 'mrr', 'hits@1', 'hits@3', 'hits@10']",InductiveInference,256,True,2000,16,"[0, 1]",100,5,442.462,0.229149,0.217087,0.227591,0.242297,0.179942,321.89,0.211975,0.198302,0.203704,0.228395
8,1,0,0,1,simple_rdf_reification,NarrativeInductiveDataset,~/git/ULTRA/kg-datasets/,kg_base_prop_1_subevent_0_role_0_causation_1_syntax_simple_rdf_reification,Ultra,"{'aggregate_func': 'sum', 'class': 'EntityNBFNet', 'hidden_dims': [64, 64, 64, 64, 64, 64], 'input_dim': 64, 'layer_norm': True, 'message_func': 'distmult', 'short_cut': True}","{'aggregate_func': 'sum', 'class': 'RelNBFNet', 'hidden_dims': [64, 64, 64, 64, 64, 64], 'input_dim': 64, 'layer_norm': True, 'message_func': 'distmult', 'short_cut': True}",AdamW,0.0005,~/git/ULTRA/output,1,"['mr', 'mrr', 'hits@1', 'hits@3', 'hits@10']",InductiveInference,256,True,2000,16,"[0, 1]",100,5,99.6831,0.349079,0.318662,0.34507,0.411972,0.290656,106.731,0.299877,0.267442,0.294574,0.344961
9,1,0,1,1,simple_rdf_reification,NarrativeInductiveDataset,~/git/ULTRA/kg-datasets/,kg_base_prop_1_subevent_0_role_1_causation_1_syntax_simple_rdf_reification,Ultra,"{'aggregate_func': 'sum', 'class': 'EntityNBFNet', 'hidden_dims': [64, 64, 64, 64, 64, 64], 'input_dim': 64, 'layer_norm': True, 'message_func': 'distmult', 'short_cut': True}","{'aggregate_func': 'sum', 'class': 'RelNBFNet', 'hidden_dims': [64, 64, 64, 64, 64, 64], 'input_dim': 64, 'layer_norm': True, 'message_func': 'distmult', 'short_cut': True}",AdamW,0.0005,~/git/ULTRA/output,1,"['mr', 'mrr', 'hits@1', 'hits@3', 'hits@10']",InductiveInference,256,True,2000,16,"[0, 1]",100,5,,,,,,,,,,,
10,1,1,1,0,simple_rdf_sp,NarrativeInductiveDataset,~/git/ULTRA/kg-datasets/,kg_base_prop_1_subevent_1_role_1_causation_0_syntax_simple_rdf_sp,Ultra,"{'aggregate_func': 'sum', 'class': 'EntityNBFNet', 'hidden_dims': [64, 64, 64, 64, 64, 64], 'input_dim': 64, 'layer_norm': True, 'message_func': 'distmult', 'short_cut': True}","{'aggregate_func': 'sum', 'class': 'RelNBFNet', 'hidden_dims': [64, 64, 64, 64, 64, 64], 'input_dim': 64, 'layer_norm': True, 'message_func': 'distmult', 'short_cut': True}",AdamW,0.0005,~/git/ULTRA/output,1,"['mr', 'mrr', 'hits@1', 'hits@3', 'hits@10']",InductiveInference,256,True,2000,16,"[0, 1]",100,5,,,,,,,,,,,
11,0,0,1,1,simple_rdf_sp,NarrativeInductiveDataset,~/git/ULTRA/kg-datasets/,kg_base_prop_0_subevent_0_role_1_causation_1_syntax_simple_rdf_sp,Ultra,"{'aggregate_func': 'sum', 'class': 'EntityNBFNet', 'hidden_dims': [64, 64, 64, 64, 64, 64], 'input_dim': 64, 'layer_norm': True, 'message_func': 'distmult', 'short_cut': True}","{'aggregate_func': 'sum', 'class': 'RelNBFNet', 'hidden_dims': [64, 64, 64, 64, 64, 64], 'input_dim': 64, 'layer_norm': True, 'message_func': 'distmult', 'short_cut': True}",AdamW,0.0005,~/git/ULTRA/output,1,"['mr', 'mrr', 'hits@1', 'hits@3', 'hits@10']",InductiveInference,256,True,2000,16,"[0, 1]",100,5,,,,,,,,,,,
12,0,0,1,1,simple_rdf_prop,NarrativeInductiveDataset,~/git/ULTRA/kg-datasets/,kg_base_prop_0_subevent_0_role_1_causation_1_syntax_simple_rdf_prop,Ultra,"{'aggregate_func': 'sum', 'class': 'EntityNBFNet', 'hidden_dims': [64, 64, 64, 64, 64, 64], 'input_dim': 64, 'layer_norm': True, 'message_func': 'distmult', 'short_cut': True}","{'aggregate_func': 'sum', 'class': 'RelNBFNet', 'hidden_dims': [64, 64, 64, 64, 64, 64], 'input_dim': 64, 'layer_norm': True, 'message_func': 'distmult', 'short_cut': True}",AdamW,0.0005,~/git/ULTRA/output,1,"['mr', 'mrr', 'hits@1', 'hits@3', 'hits@10']",InductiveInference,256,True,2000,16,"[0, 1]",100,5,,,,,,,,,,,
13,0,0,1,1,simple_rdf_reification,NarrativeInductiveDataset,~/git/ULTRA/kg-datasets/,kg_base_prop_0_subevent_0_role_1_causation_1_syntax_simple_rdf_reification,Ultra,"{'aggregate_func': 'sum', 'class': 'EntityNBFNet', 'hidden_dims': [64, 64, 64, 64, 64, 64], 'input_dim': 64, 'layer_norm': True, 'message_func': 'distmult', 'short_cut': True}","{'aggregate_func': 'sum', 'class': 'RelNBFNet', 'hidden_dims': [64, 64, 64, 64, 64, 64], 'input_dim': 64, 'layer_norm': True, 'message_func': 'distmult', 'short_cut': True}",AdamW,0.0005,~/git/ULTRA/output,1,"['mr', 'mrr', 'hits@1', 'hits@3', 'hits@10']",InductiveInference,256,True,2000,16,"[0, 1]",100,5,,,,,,,,,,,
14,1,1,0,0,simple_rdf_prop,NarrativeInductiveDataset,~/git/ULTRA/kg-datasets/,kg_base_prop_1_subevent_1_role_0_causation_0_syntax_simple_rdf_prop,Ultra,"{'aggregate_func': 'sum', 'class': 'EntityNBFNet', 'hidden_dims': [64, 64, 64, 64, 64, 64], 'input_dim': 64, 'layer_norm': True, 'message_func': 'distmult', 'short_cut': True}","{'aggregate_func': 'sum', 'class': 'RelNBFNet', 'hidden_dims': [64, 64, 64, 64, 64, 64], 'input_dim': 64, 'layer_norm': True, 'message_func': 'distmult', 'short_cut': True}",AdamW,0.0005,~/git/ULTRA/output,1,"['mr', 'mrr', 'hits@1', 'hits@3', 'hits@10']",InductiveInference,256,True,2000,16,"[0, 1]",100,5,6.14474,0.950281,0.945175,0.951754,0.962719,0.235027,55.575,0.654214,0.625,0.655,0.73
15,0,1,1,0,simple_rdf_reification,NarrativeInductiveDataset,~/git/ULTRA/kg-datasets/,kg_base_prop_0_subevent_1_role_1_causation_0_syntax_simple_rdf_reification,Ultra,"{'aggregate_func': 'sum', 'class': 'EntityNBFNet', 'hidden_dims': [64, 64, 64, 64, 64, 64], 'input_dim': 64, 'layer_norm': True, 'message_func': 'distmult', 'short_cut': True}","{'aggregate_func': 'sum', 'class': 'RelNBFNet', 'hidden_dims': [64, 64, 64, 64, 64, 64], 'input_dim': 64, 'layer_norm': True, 'message_func': 'distmult', 'short_cut': True}",AdamW,0.0005,~/git/ULTRA/output,1,"['mr', 'mrr', 'hits@1', 'hits@3', 'hits@10']",InductiveInference,256,True,2000,16,"[0, 1]",100,5,,,,,,,,,,,
16,1,1,0,1,simple_rdf_prop,NarrativeInductiveDataset,~/git/ULTRA/kg-datasets/,kg_base_prop_1_subevent_1_role_0_causation_1_syntax_simple_rdf_prop,Ultra,"{'aggregate_func': 'sum', 'class': 'EntityNBFNet', 'hidden_dims': [64, 64, 64, 64, 64, 64], 'input_dim': 64, 'layer_norm': True, 'message_func': 'distmult', 'short_cut': True}","{'aggregate_func': 'sum', 'class': 'RelNBFNet', 'hidden_dims': [64, 64, 64, 64, 64, 64], 'input_dim': 64, 'layer_norm': True, 'message_func': 'distmult', 'short_cut': True}",AdamW,0.0005,~/git/ULTRA/output,1,"['mr', 'mrr', 'hits@1', 'hits@3', 'hits@10']",InductiveInference,256,True,2000,16,"[0, 1]",100,5,133.182,0.508692,0.487778,0.512222,0.532222,0.236556,231.641,0.290648,0.267391,0.284783,0.321739
17,0,1,0,0,simple_rdf_prop,NarrativeInductiveDataset,~/git/ULTRA/kg-datasets/,kg_base_prop_0_subevent_1_role_0_causation_0_syntax_simple_rdf_prop,Ultra,"{'aggregate_func': 'sum', 'class': 'EntityNBFNet', 'hidden_dims': [64, 64, 64, 64, 64, 64], 'input_dim': 64, 'layer_norm': True, 'message_func': 'distmult', 'short_cut': True}","{'aggregate_func': 'sum', 'class': 'RelNBFNet', 'hidden_dims': [64, 64, 64, 64, 64, 64], 'input_dim': 64, 'layer_norm': True, 'message_func': 'distmult', 'short_cut': True}",AdamW,0.0005,~/git/ULTRA/output,1,"['mr', 'mrr', 'hits@1', 'hits@3', 'hits@10']",InductiveInference,256,True,2000,16,"[0, 1]",100,5,114.322,0.11417,0.0657895,0.109649,0.201754,0.30885,156.393,0.100121,0.0663265,0.107143,0.127551
18,0,1,1,1,simple_rdf_prop,NarrativeInductiveDataset,~/git/ULTRA/kg-datasets/,kg_base_prop_0_subevent_1_role_1_causation_1_syntax_simple_rdf_prop,Ultra,"{'aggregate_func': 'sum', 'class': 'EntityNBFNet', 'hidden_dims': [64, 64, 64, 64, 64, 64], 'input_dim': 64, 'layer_norm': True, 'message_func': 'distmult', 'short_cut': True}","{'aggregate_func': 'sum', 'class': 'RelNBFNet', 'hidden_dims': [64, 64, 64, 64, 64, 64], 'input_dim': 64, 'layer_norm': True, 'message_func': 'distmult', 'short_cut': True}",AdamW,0.0005,~/git/ULTRA/output,1,"['mr', 'mrr', 'hits@1', 'hits@3', 'hits@10']",InductiveInference,256,True,2000,16,"[0, 1]",100,5,,,,,,,,,,,
19,1,1,0,1,simple_rdf_sp,NarrativeInductiveDataset,~/git/ULTRA/kg-datasets/,kg_base_prop_1_subevent_1_role_0_causation_1_syntax_simple_rdf_sp,Ultra,"{'aggregate_func': 'sum', 'class': 'EntityNBFNet', 'hidden_dims': [64, 64, 64, 64, 64, 64], 'input_dim': 64, 'layer_norm': True, 'message_func': 'distmult', 'short_cut': True}","{'aggregate_func': 'sum', 'class': 'RelNBFNet', 'hidden_dims': [64, 64, 64, 64, 64, 64], 'input_dim': 64, 'layer_norm': True, 'message_func': 'distmult', 'short_cut': True}",AdamW,0.0005,~/git/ULTRA/output,1,"['mr', 'mrr', 'hits@1', 'hits@3', 'hits@10']",InductiveInference,256,True,2000,16,"[0, 1]",100,5,161.071,0.51507,0.483553,0.515351,0.566886,0.231098,242.359,0.294784,0.262821,0.290598,0.333333
20,1,0,1,0,simple_rdf_sp,NarrativeInductiveDataset,~/git/ULTRA/kg-datasets/,kg_base_prop_1_subevent_0_role_1_causation_0_syntax_simple_rdf_sp,Ultra,"{'aggregate_func': 'sum', 'class': 'EntityNBFNet', 'hidden_dims': [64, 64, 64, 64, 64, 64], 'input_dim': 64, 'layer_norm': True, 'message_func': 'distmult', 'short_cut': True}","{'aggregate_func': 'sum', 'class': 'RelNBFNet', 'hidden_dims': [64, 64, 64, 64, 64, 64], 'input_dim': 64, 'layer_norm': True, 'message_func': 'distmult', 'short_cut': True}",AdamW,0.0005,~/git/ULTRA/output,1,"['mr', 'mrr', 'hits@1', 'hits@3', 'hits@10']",InductiveInference,256,True,2000,16,"[0, 1]",100,5,,,,,,,,,,,
21,1,0,0,0,simple_rdf_prop,NarrativeInductiveDataset,~/git/ULTRA/kg-datasets/,kg_base_prop_1_subevent_0_role_0_causation_0_syntax_simple_rdf_prop,Ultra,"{'aggregate_func': 'sum', 'class': 'EntityNBFNet', 'hidden_dims': [64, 64, 64, 64, 64, 64], 'input_dim': 64, 'layer_norm': True, 'message_func': 'distmult', 'short_cut': True}","{'aggregate_func': 'sum', 'class': 'RelNBFNet', 'hidden_dims': [64, 64, 64, 64, 64, 64], 'input_dim': 64, 'layer_norm': True, 'message_func': 'distmult', 'short_cut': True}",AdamW,0.0005,~/git/ULTRA/output,1,"['mr', 'mrr', 'hits@1', 'hits@3', 'hits@10']",InductiveInference,256,True,2000,16,"[0, 1]",100,5,2.73913,0.957795,0.956522,0.956522,0.956522,0.333718,20.2833,0.659225,0.633333,0.666667,0.7
22,0,0,0,1,simple_rdf_prop,NarrativeInductiveDataset,~/git/ULTRA/kg-datasets/,kg_base_prop_0_subevent_0_role_0_causation_1_syntax_simple_rdf_prop,Ultra,"{'aggregate_func': 'sum', 'class': 'EntityNBFNet', 'hidden_dims': [64, 64, 64, 64, 64, 64], 'input_dim': 64, 'layer_norm': True, 'message_func': 'distmult', 'short_cut': True}","{'aggregate_func': 'sum', 'class': 'RelNBFNet', 'hidden_dims': [64, 64, 64, 64, 64, 64], 'input_dim': 64, 'layer_norm': True, 'message_func': 'distmult', 'short_cut': True}",AdamW,0.0005,~/git/ULTRA/output,1,"['mr', 'mrr', 'hits@1', 'hits@3', 'hits@10']",InductiveInference,256,True,2000,16,"[0, 1]",100,5,85.1654,0.121618,0.0698529,0.117647,0.180147,0.364674,97.8147,0.0663229,0.012931,0.0517241,0.146552
23,1,1,1,0,simple_rdf_prop,NarrativeInductiveDataset,~/git/ULTRA/kg-datasets/,kg_base_prop_1_subevent_1_role_1_causation_0_syntax_simple_rdf_prop,Ultra,"{'aggregate_func': 'sum', 'class': 'EntityNBFNet', 'hidden_dims': [64, 64, 64, 64, 64, 64], 'input_dim': 64, 'layer_norm': True, 'message_func': 'distmult', 'short_cut': True}","{'aggregate_func': 'sum', 'class': 'RelNBFNet', 'hidden_dims': [64, 64, 64, 64, 64, 64], 'input_dim': 64, 'layer_norm': True, 'message_func': 'distmult', 'short_cut': True}",AdamW,0.0005,~/git/ULTRA/output,1,"['mr', 'mrr', 'hits@1', 'hits@3', 'hits@10']",InductiveInference,256,True,2000,16,"[0, 1]",100,5,,,,,,,,,,,
24,0,0,1,0,simple_rdf_prop,NarrativeInductiveDataset,~/git/ULTRA/kg-datasets/,kg_base_prop_0_subevent_0_role_1_causation_0_syntax_simple_rdf_prop,Ultra,"{'aggregate_func': 'sum', 'class': 'EntityNBFNet', 'hidden_dims': [64, 64, 64, 64, 64, 64], 'input_dim': 64, 'layer_norm': True, 'message_func': 'distmult', 'short_cut': True}","{'aggregate_func': 'sum', 'class': 'RelNBFNet', 'hidden_dims': [64, 64, 64, 64, 64, 64], 'input_dim': 64, 'layer_norm': True, 'message_func': 'distmult', 'short_cut': True}",AdamW,0.0005,~/git/ULTRA/output,1,"['mr', 'mrr', 'hits@1', 'hits@3', 'hits@10']",InductiveInference,256,True,2000,16,"[0, 1]",100,5,,,,,,,,,,,
25,1,1,0,1,simple_rdf_reification,NarrativeInductiveDataset,~/git/ULTRA/kg-datasets/,kg_base_prop_1_subevent_1_role_0_causation_1_syntax_simple_rdf_reification,Ultra,"{'aggregate_func': 'sum', 'class': 'EntityNBFNet', 'hidden_dims': [64, 64, 64, 64, 64, 64], 'input_dim': 64, 'layer_norm': True, 'message_func': 'distmult', 'short_cut': True}","{'aggregate_func': 'sum', 'class': 'RelNBFNet', 'hidden_dims': [64, 64, 64, 64, 64, 64], 'input_dim': 64, 'layer_norm': True, 'message_func': 'distmult', 'short_cut': True}",AdamW,0.0005,~/git/ULTRA/output,1,"['mr', 'mrr', 'hits@1', 'hits@3', 'hits@10']",InductiveInference,256,True,2000,16,"[0, 1]",100,5,321.269,0.324302,0.311391,0.327965,0.337535,0.189682,316.078,0.298214,0.278549,0.297068,0.331019
26,1,0,1,1,simple_rdf_prop,NarrativeInductiveDataset,~/git/ULTRA/kg-datasets/,kg_base_prop_1_subevent_0_role_1_causation_1_syntax_simple_rdf_prop,Ultra,"{'aggregate_func': 'sum', 'class': 'EntityNBFNet', 'hidden_dims': [64, 64, 64, 64, 64, 64], 'input_dim': 64, 'layer_norm': True, 'message_func': 'distmult', 'short_cut': True}","{'aggregate_func': 'sum', 'class': 'RelNBFNet', 'hidden_dims': [64, 64, 64, 64, 64, 64], 'input_dim': 64, 'layer_norm': True, 'message_func': 'distmult', 'short_cut': True}",AdamW,0.0005,~/git/ULTRA/output,1,"['mr', 'mrr', 'hits@1', 'hits@3', 'hits@10']",InductiveInference,256,True,2000,16,"[0, 1]",100,5,,,,,,,,,,,
27,0,1,0,1,simple_rdf_sp,NarrativeInductiveDataset,~/git/ULTRA/kg-datasets/,kg_base_prop_0_subevent_1_role_0_causation_1_syntax_simple_rdf_sp,Ultra,"{'aggregate_func': 'sum', 'class': 'EntityNBFNet', 'hidden_dims': [64, 64, 64, 64, 64, 64], 'input_dim': 64, 'layer_norm': True, 'message_func': 'distmult', 'short_cut': True}","{'aggregate_func': 'sum', 'class': 'RelNBFNet', 'hidden_dims': [64, 64, 64, 64, 64, 64], 'input_dim': 64, 'layer_norm': True, 'message_func': 'distmult', 'short_cut': True}",AdamW,0.0005,~/git/ULTRA/output,1,"['mr', 'mrr', 'hits@1', 'hits@3', 'hits@10']",InductiveInference,256,True,2000,16,"[0, 1]",100,5,225.264,0.0835274,0.0449561,0.0712719,0.14364,0.289089,266.389,0.069095,0.0363248,0.0555556,0.0982906
28,0,0,0,0,simple_rdf_prop,NarrativeInductiveDataset,~/git/ULTRA/kg-datasets/,kg_base_prop_0_subevent_0_role_0_causation_0_syntax_simple_rdf_prop,Ultra,"{'aggregate_func': 'sum', 'class': 'EntityNBFNet', 'hidden_dims': [64, 64, 64, 64, 64, 64], 'input_dim': 64, 'layer_norm': True, 'message_func': 'distmult', 'short_cut': True}","{'aggregate_func': 'sum', 'class': 'RelNBFNet', 'hidden_dims': [64, 64, 64, 64, 64, 64], 'input_dim': 64, 'layer_norm': True, 'message_func': 'distmult', 'short_cut': True}",AdamW,0.0005,~/git/ULTRA/output,1,"['mr', 'mrr', 'hits@1', 'hits@3', 'hits@10']",InductiveInference,256,True,2000,16,"[0, 1]",100,5,34.4565,0.187102,0.130435,0.184783,0.336957,0.370896,42.9,0.134189,0.0,0.2,0.3
29,1,0,1,0,simple_rdf_prop,NarrativeInductiveDataset,~/git/ULTRA/kg-datasets/,kg_base_prop_1_subevent_0_role_1_causation_0_syntax_simple_rdf_prop,Ultra,"{'aggregate_func': 'sum', 'class': 'EntityNBFNet', 'hidden_dims': [64, 64, 64, 64, 64, 64], 'input_dim': 64, 'layer_norm': True, 'message_func': 'distmult', 'short_cut': True}","{'aggregate_func': 'sum', 'class': 'RelNBFNet', 'hidden_dims': [64, 64, 64, 64, 64, 64], 'input_dim': 64, 'layer_norm': True, 'message_func': 'distmult', 'short_cut': True}",AdamW,0.0005,~/git/ULTRA/output,1,"['mr', 'mrr', 'hits@1', 'hits@3', 'hits@10']",InductiveInference,256,True,2000,16,"[0, 1]",100,5,,,,,,,,,,,
30,0,0,1,0,simple_rdf_sp,NarrativeInductiveDataset,~/git/ULTRA/kg-datasets/,kg_base_prop_0_subevent_0_role_1_causation_0_syntax_simple_rdf_sp,Ultra,"{'aggregate_func': 'sum', 'class': 'EntityNBFNet', 'hidden_dims': [64, 64, 64, 64, 64, 64], 'input_dim': 64, 'layer_norm': True, 'message_func': 'distmult', 'short_cut': True}","{'aggregate_func': 'sum', 'class': 'RelNBFNet', 'hidden_dims': [64, 64, 64, 64, 64, 64], 'input_dim': 64, 'layer_norm': True, 'message_func': 'distmult', 'short_cut': True}",AdamW,0.0005,~/git/ULTRA/output,1,"['mr', 'mrr', 'hits@1', 'hits@3', 'hits@10']",InductiveInference,256,True,2000,16,"[0, 1]",100,5,,,,,,,,,,,
31,1,0,1,1,simple_rdf_sp,NarrativeInductiveDataset,~/git/ULTRA/kg-datasets/,kg_base_prop_1_subevent_0_role_1_causation_1_syntax_simple_rdf_sp,Ultra,"{'aggregate_func': 'sum', 'class': 'EntityNBFNet', 'hidden_dims': [64, 64, 64, 64, 64, 64], 'input_dim': 64, 'layer_norm': True, 'message_func': 'distmult', 'short_cut': True}","{'aggregate_func': 'sum', 'class': 'RelNBFNet', 'hidden_dims': [64, 64, 64, 64, 64, 64], 'input_dim': 64, 'layer_norm': True, 'message_func': 'distmult', 'short_cut': True}",AdamW,0.0005,~/git/ULTRA/output,1,"['mr', 'mrr', 'hits@1', 'hits@3', 'hits@10']",InductiveInference,256,True,2000,16,"[0, 1]",100,5,,,,,,,,,,,
32,1,1,1,0,simple_rdf_reification,NarrativeInductiveDataset,~/git/ULTRA/kg-datasets/,kg_base_prop_1_subevent_1_role_1_causation_0_syntax_simple_rdf_reification,Ultra,"{'aggregate_func': 'sum', 'class': 'EntityNBFNet', 'hidden_dims': [64, 64, 64, 64, 64, 64], 'input_dim': 64, 'layer_norm': True, 'message_func': 'distmult', 'short_cut': True}","{'aggregate_func': 'sum', 'class': 'RelNBFNet', 'hidden_dims': [64, 64, 64, 64, 64, 64], 'input_dim': 64, 'layer_norm': True, 'message_func': 'distmult', 'short_cut': True}",AdamW,0.0005,~/git/ULTRA/output,1,"['mr', 'mrr', 'hits@1', 'hits@3', 'hits@10']",InductiveInference,256,True,2000,16,"[0, 1]",100,5,,,,,,,,,,,
33,0,1,1,1,simple_rdf_reification,NarrativeInductiveDataset,~/git/ULTRA/kg-datasets/,kg_base_prop_0_subevent_1_role_1_causation_1_syntax_simple_rdf_reification,Ultra,"{'aggregate_func': 'sum', 'class': 'EntityNBFNet', 'hidden_dims': [64, 64, 64, 64, 64, 64], 'input_dim': 64, 'layer_norm': True, 'message_func': 'distmult', 'short_cut': True}","{'aggregate_func': 'sum', 'class': 'RelNBFNet', 'hidden_dims': [64, 64, 64, 64, 64, 64], 'input_dim': 64, 'layer_norm': True, 'message_func': 'distmult', 'short_cut': True}",AdamW,0.0005,~/git/ULTRA/output,1,"['mr', 'mrr', 'hits@1', 'hits@3', 'hits@10']",InductiveInference,256,True,2000,16,"[0, 1]",100,5,,,,,,,,,,,
34,0,1,1,0,simple_rdf_sp,NarrativeInductiveDataset,~/git/ULTRA/kg-datasets/,kg_base_prop_0_subevent_1_role_1_causation_0_syntax_simple_rdf_sp,Ultra,"{'aggregate_func': 'sum', 'class': 'EntityNBFNet', 'hidden_dims': [64, 64, 64, 64, 64, 64], 'input_dim': 64, 'layer_norm': True, 'message_func': 'distmult', 'short_cut': True}","{'aggregate_func': 'sum', 'class': 'RelNBFNet', 'hidden_dims': [64, 64, 64, 64, 64, 64], 'input_dim': 64, 'layer_norm': True, 'message_func': 'distmult', 'short_cut': True}",AdamW,0.0005,~/git/ULTRA/output,1,"['mr', 'mrr', 'hits@1', 'hits@3', 'hits@10']",InductiveInference,256,True,2000,16,"[0, 1]",100,5,,,,,,,,,,,
35,1,1,1,1,simple_rdf_reification,NarrativeInductiveDataset,~/git/ULTRA/kg-datasets/,kg_base_prop_1_subevent_1_role_1_causation_1_syntax_simple_rdf_reification,Ultra,"{'aggregate_func': 'sum', 'class': 'EntityNBFNet', 'hidden_dims': [64, 64, 64, 64, 64, 64], 'input_dim': 64, 'layer_norm': True, 'message_func': 'distmult', 'short_cut': True}","{'aggregate_func': 'sum', 'class': 'RelNBFNet', 'hidden_dims': [64, 64, 64, 64, 64, 64], 'input_dim': 64, 'layer_norm': True, 'message_func': 'distmult', 'short_cut': True}",AdamW,0.0005,~/git/ULTRA/output,1,"['mr', 'mrr', 'hits@1', 'hits@3', 'hits@10']",InductiveInference,256,True,2000,16,"[0, 1]",100,5,,,,,,,,,,,
36,0,1,0,1,simple_rdf_prop,NarrativeInductiveDataset,~/git/ULTRA/kg-datasets/,kg_base_prop_0_subevent_1_role_0_causation_1_syntax_simple_rdf_prop,Ultra,"{'aggregate_func': 'sum', 'class': 'EntityNBFNet', 'hidden_dims': [64, 64, 64, 64, 64, 64], 'input_dim': 64, 'layer_norm': True, 'message_func': 'distmult', 'short_cut': True}","{'aggregate_func': 'sum', 'class': 'RelNBFNet', 'hidden_dims': [64, 64, 64, 64, 64, 64], 'input_dim': 64, 'layer_norm': True, 'message_func': 'distmult', 'short_cut': True}",AdamW,0.0005,~/git/ULTRA/output,1,"['mr', 'mrr', 'hits@1', 'hits@3', 'hits@10']",InductiveInference,256,True,2000,16,"[0, 1]",100,5,155.884,0.0697237,0.0311111,0.06,0.116667,0.302881,199.397,0.0757496,0.0416667,0.0614035,0.118421
37,1,0,1,0,simple_rdf_reification,NarrativeInductiveDataset,~/git/ULTRA/kg-datasets/,kg_base_prop_1_subevent_0_role_1_causation_0_syntax_simple_rdf_reification,Ultra,"{'aggregate_func': 'sum', 'class': 'EntityNBFNet', 'hidden_dims': [64, 64, 64, 64, 64, 64], 'input_dim': 64, 'layer_norm': True, 'message_func': 'distmult', 'short_cut': True}","{'aggregate_func': 'sum', 'class': 'RelNBFNet', 'hidden_dims': [64, 64, 64, 64, 64, 64], 'input_dim': 64, 'layer_norm': True, 'message_func': 'distmult', 'short_cut': True}",AdamW,0.0005,~/git/ULTRA/output,1,"['mr', 'mrr', 'hits@1', 'hits@3', 'hits@10']",InductiveInference,256,True,2000,16,"[0, 1]",100,5,,,,,,,,,,,
38,0,0,0,1,simple_rdf_sp,NarrativeInductiveDataset,~/git/ULTRA/kg-datasets/,kg_base_prop_0_subevent_0_role_0_causation_1_syntax_simple_rdf_sp,Ultra,"{'aggregate_func': 'sum', 'class': 'EntityNBFNet', 'hidden_dims': [64, 64, 64, 64, 64, 64], 'input_dim': 64, 'layer_norm': True, 'message_func': 'distmult', 'short_cut': True}","{'aggregate_func': 'sum', 'class': 'RelNBFNet', 'hidden_dims': [64, 64, 64, 64, 64, 64], 'input_dim': 64, 'layer_norm': True, 'message_func': 'distmult', 'short_cut': True}",AdamW,0.0005,~/git/ULTRA/output,1,"['mr', 'mrr', 'hits@1', 'hits@3', 'hits@10']",InductiveInference,256,True,2000,16,"[0, 1]",100,5,129.247,0.113065,0.0625,0.104167,0.177083,0.340128,128.446,0.0627669,0.0125,0.0416667,0.145833
39,1,0,0,1,simple_rdf_prop,NarrativeInductiveDataset,~/git/ULTRA/kg-datasets/,kg_base_prop_1_subevent_0_role_0_causation_1_syntax_simple_rdf_prop,Ultra,"{'aggregate_func': 'sum', 'class': 'EntityNBFNet', 'hidden_dims': [64, 64, 64, 64, 64, 64], 'input_dim': 64, 'layer_norm': True, 'message_func': 'distmult', 'short_cut': True}","{'aggregate_func': 'sum', 'class': 'RelNBFNet', 'hidden_dims': [64, 64, 64, 64, 64, 64], 'input_dim': 64, 'layer_norm': True, 'message_func': 'distmult', 'short_cut': True}",AdamW,0.0005,~/git/ULTRA/output,1,"['mr', 'mrr', 'hits@1', 'hits@3', 'hits@10']",InductiveInference,256,True,2000,16,"[0, 1]",100,5,91.0662,0.393019,0.341912,0.404412,0.477941,0.337358,108.922,0.202191,0.146552,0.193966,0.271552
